lap,position,seconds,nationality,drivername,name,time_gap
1,1,77.665,Dutch,Max Verstappen,Dutch Grand Prix,19594.0
2,1,74.978,Dutch,Max Verstappen,Dutch Grand Prix,5314.0
3,1,74.813,Dutch,Max Verstappen,Dutch Grand Prix,5712.0
4,1,74.917,Dutch,Max Verstappen,Dutch Grand Prix,10462.0
5,1,74.882,Dutch,Max Verstappen,Dutch Grand Prix,37915.0
6,1,74.9,Dutch,Max Verstappen,Dutch Grand Prix,4462.0
7,1,75.108,Dutch,Max Verstappen,Dutch Grand Prix,5659.0
8,1,75.138,Dutch,Max Verstappen,Dutch Grand Prix,6463.0
9,1,75.133,Dutch,Max Verstappen,Dutch Grand Prix,18749.0
10,1,75.061,Dutch,Max Verstappen,Dutch Grand Prix,7195.0
11,1,75.228,Dutch,Max Verstappen,Dutch Grand Prix,19177.0
12,1,74.917,Dutch,Max Verstappen,Dutch Grand Prix,3635.0
13,1,75.062,Dutch,Max Verstappen,Dutch Grand Prix,4878.0
14,1,75.059,Dutch,Max Verstappen,Dutch Grand Prix,5709.0
15,1,75.138,Dutch,Max Verstappen,Dutch Grand Prix,3986.0
16,1,75.177,Dutch,Max Verstappen,Dutch Grand Prix,5421.0
17,1,75.446,Dutch,Max Verstappen,Dutch Grand Prix,3059.0
18,1,75.331,Dutch,Max Verstappen,Dutch Grand Prix,3055.0
19,1,75.632,Dutch,Max Verstappen,Dutch Grand Prix,3567.0
20,1,75.938,Dutch,Max Verstappen,Dutch Grand Prix,3871.0
21,1,78.594,Dutch,Max Verstappen,Dutch Grand Prix,17053.0
22,2,92.574,Dutch,Max Verstappen,Dutch Grand Prix,18817.0
23,2,74.223,Dutch,Max Verstappen,Dutch Grand Prix,6403.0
24,2,74.257,Dutch,Max Verstappen,Dutch Grand Prix,21196.0
25,2,74.607,Dutch,Max Verstappen,Dutch Grand Prix,18776.0
26,2,75.352,Dutch,Max Verstappen,Dutch Grand Prix,5540.0
27,2,74.393,Dutch,Max Verstappen,Dutch Grand Prix,6049.0
28,2,74.683,Dutch,Max Verstappen,Dutch Grand Prix,20189.0
29,2,75.222,Dutch,Max Verstappen,Dutch Grand Prix,2608.0
30,1,76.362,Dutch,Max Verstappen,Dutch Grand Prix,9775.0
31,1,75.134,Dutch,Max Verstappen,Dutch Grand Prix,26792.0
32,1,74.886,Dutch,Max Verstappen,Dutch Grand Prix,20936.0
33,1,74.794,Dutch,Max Verstappen,Dutch Grand Prix,6748.0
34,1,74.468,Dutch,Max Verstappen,Dutch Grand Prix,22496.0
35,1,75.001,Dutch,Max Verstappen,Dutch Grand Prix,20638.0
36,1,74.715,Dutch,Max Verstappen,Dutch Grand Prix,10396.0
37,1,74.029,Dutch,Max Verstappen,Dutch Grand Prix,5415.0
38,1,74.212,Dutch,Max Verstappen,Dutch Grand Prix,5416.0
39,1,73.921,Dutch,Max Verstappen,Dutch Grand Prix,5836.0
40,1,76.99,Dutch,Max Verstappen,Dutch Grand Prix,16938.0
41,1,91.271,Dutch,Max Verstappen,Dutch Grand Prix,23057.0
42,1,73.524,Dutch,Max Verstappen,Dutch Grand Prix,6105.0
43,1,73.48,Dutch,Max Verstappen,Dutch Grand Prix,21770.0
44,1,74.494,Dutch,Max Verstappen,Dutch Grand Prix,5833.0
45,1,73.832,Dutch,Max Verstappen,Dutch Grand Prix,19568.0
46,1,73.925,Dutch,Max Verstappen,Dutch Grand Prix,4008.0
47,1,73.676,Dutch,Max Verstappen,Dutch Grand Prix,5864.0
48,1,73.706,Dutch,Max Verstappen,Dutch Grand Prix,19267.0
49,1,73.67,Dutch,Max Verstappen,Dutch Grand Prix,5521.0
50,1,73.445,Dutch,Max Verstappen,Dutch Grand Prix,4776.0
51,1,73.705,Dutch,Max Verstappen,Dutch Grand Prix,4592.0
52,1,73.999,Dutch,Max Verstappen,Dutch Grand Prix,4715.0
53,1,73.725,Dutch,Max Verstappen,Dutch Grand Prix,5312.0
54,1,74.496,Dutch,Max Verstappen,Dutch Grand Prix,4633.0
55,1,74.865,Dutch,Max Verstappen,Dutch Grand Prix,3405.0
56,1,73.765,Dutch,Max Verstappen,Dutch Grand Prix,4243.0
57,1,73.466,Dutch,Max Verstappen,Dutch Grand Prix,7007.0
58,1,73.716,Dutch,Max Verstappen,Dutch Grand Prix,4540.0
59,1,73.631,Dutch,Max Verstappen,Dutch Grand Prix,4616.0
60,1,73.275,Dutch,Max Verstappen,Dutch Grand Prix,11889.0
61,1,73.392,Dutch,Max Verstappen,Dutch Grand Prix,8204.0
62,1,73.687,Dutch,Max Verstappen,Dutch Grand Prix,5468.0
63,1,73.891,Dutch,Max Verstappen,Dutch Grand Prix,3882.0
64,1,73.916,Dutch,Max Verstappen,Dutch Grand Prix,4356.0
65,1,73.608,Dutch,Max Verstappen,Dutch Grand Prix,4257.0
66,1,73.539,Dutch,Max Verstappen,Dutch Grand Prix,8417.0
67,1,74.698,Dutch,Max Verstappen,Dutch Grand Prix,6883.0
68,1,74.475,Dutch,Max Verstappen,Dutch Grand Prix,21613.0
69,1,74.23,Dutch,Max Verstappen,Dutch Grand Prix,51838.0
70,1,73.547,Dutch,Max Verstappen,Dutch Grand Prix,6327.0
71,1,74.05,Dutch,Max Verstappen,Dutch Grand Prix,18679.0
72,1,74.756,Dutch,Max Verstappen,Dutch Grand Prix,4055.0
1,2,79.399,British,Lewis Hamilton,Dutch Grand Prix,19594.0
2,2,75.395,British,Lewis Hamilton,Dutch Grand Prix,5314.0
3,2,75.045,British,Lewis Hamilton,Dutch Grand Prix,5712.0
4,2,74.825,British,Lewis Hamilton,Dutch Grand Prix,10462.0
5,2,75.102,British,Lewis Hamilton,Dutch Grand Prix,37915.0
6,2,75.118,British,Lewis Hamilton,Dutch Grand Prix,4462.0
7,2,75.43,British,Lewis Hamilton,Dutch Grand Prix,5659.0
8,2,75.358,British,Lewis Hamilton,Dutch Grand Prix,6463.0
9,2,74.75,British,Lewis Hamilton,Dutch Grand Prix,18749.0
10,2,75.126,British,Lewis Hamilton,Dutch Grand Prix,7195.0
11,2,75.182,British,Lewis Hamilton,Dutch Grand Prix,19177.0
12,2,75.0,British,Lewis Hamilton,Dutch Grand Prix,3635.0
13,2,75.109,British,Lewis Hamilton,Dutch Grand Prix,4878.0
14,2,75.526,British,Lewis Hamilton,Dutch Grand Prix,5709.0
15,2,75.139,British,Lewis Hamilton,Dutch Grand Prix,3986.0
16,2,75.161,British,Lewis Hamilton,Dutch Grand Prix,5421.0
17,2,75.418,British,Lewis Hamilton,Dutch Grand Prix,3059.0
18,2,75.476,British,Lewis Hamilton,Dutch Grand Prix,3055.0
19,2,75.619,British,Lewis Hamilton,Dutch Grand Prix,3567.0
20,2,79.092,British,Lewis Hamilton,Dutch Grand Prix,3871.0
21,3,92.549,British,Lewis Hamilton,Dutch Grand Prix,17053.0
22,3,73.757,British,Lewis Hamilton,Dutch Grand Prix,18817.0
23,3,74.234,British,Lewis Hamilton,Dutch Grand Prix,6403.0
24,3,74.238,British,Lewis Hamilton,Dutch Grand Prix,21196.0
25,3,74.418,British,Lewis Hamilton,Dutch Grand Prix,18776.0
26,3,74.927,British,Lewis Hamilton,Dutch Grand Prix,5540.0
27,3,74.787,British,Lewis Hamilton,Dutch Grand Prix,6049.0
28,3,74.574,British,Lewis Hamilton,Dutch Grand Prix,20189.0
29,3,76.203,British,Lewis Hamilton,Dutch Grand Prix,2608.0
30,3,74.526,British,Lewis Hamilton,Dutch Grand Prix,9775.0
31,2,76.033,British,Lewis Hamilton,Dutch Grand Prix,26792.0
32,2,75.003,British,Lewis Hamilton,Dutch Grand Prix,20936.0
33,2,74.728,British,Lewis Hamilton,Dutch Grand Prix,6748.0
34,2,74.579,British,Lewis Hamilton,Dutch Grand Prix,22496.0
35,2,74.809,British,Lewis Hamilton,Dutch Grand Prix,20638.0
36,2,74.721,British,Lewis Hamilton,Dutch Grand Prix,10396.0
37,2,74.516,British,Lewis Hamilton,Dutch Grand Prix,5415.0
38,2,74.788,British,Lewis Hamilton,Dutch Grand Prix,5416.0
39,2,77.127,British,Lewis Hamilton,Dutch Grand Prix,5836.0
40,2,92.263,British,Lewis Hamilton,Dutch Grand Prix,16938.0
41,2,73.292,British,Lewis Hamilton,Dutch Grand Prix,23057.0
42,2,73.428,British,Lewis Hamilton,Dutch Grand Prix,6105.0
43,2,73.806,British,Lewis Hamilton,Dutch Grand Prix,21770.0
44,2,73.678,British,Lewis Hamilton,Dutch Grand Prix,5833.0
45,2,74.505,British,Lewis Hamilton,Dutch Grand Prix,19568.0
46,2,74.185,British,Lewis Hamilton,Dutch Grand Prix,4008.0
47,2,74.123,British,Lewis Hamilton,Dutch Grand Prix,5864.0
48,2,73.619,British,Lewis Hamilton,Dutch Grand Prix,19267.0
49,2,73.124,British,Lewis Hamilton,Dutch Grand Prix,5521.0
50,2,73.475,British,Lewis Hamilton,Dutch Grand Prix,4776.0
51,2,73.324,British,Lewis Hamilton,Dutch Grand Prix,4592.0
52,2,73.511,British,Lewis Hamilton,Dutch Grand Prix,4715.0
53,2,73.524,British,Lewis Hamilton,Dutch Grand Prix,5312.0
54,2,73.683,British,Lewis Hamilton,Dutch Grand Prix,4633.0
55,2,75.27,British,Lewis Hamilton,Dutch Grand Prix,3405.0
56,2,73.783,British,Lewis Hamilton,Dutch Grand Prix,4243.0
57,2,73.45,British,Lewis Hamilton,Dutch Grand Prix,7007.0
58,2,73.525,British,Lewis Hamilton,Dutch Grand Prix,4540.0
59,2,74.547,British,Lewis Hamilton,Dutch Grand Prix,4616.0
60,2,73.674,British,Lewis Hamilton,Dutch Grand Prix,11889.0
61,2,74.462,British,Lewis Hamilton,Dutch Grand Prix,8204.0
62,2,73.835,British,Lewis Hamilton,Dutch Grand Prix,5468.0
63,2,73.711,British,Lewis Hamilton,Dutch Grand Prix,3882.0
64,2,73.705,British,Lewis Hamilton,Dutch Grand Prix,4356.0
65,2,73.841,British,Lewis Hamilton,Dutch Grand Prix,4257.0
66,2,73.662,British,Lewis Hamilton,Dutch Grand Prix,8417.0
67,2,73.509,British,Lewis Hamilton,Dutch Grand Prix,6883.0
68,2,74.884,British,Lewis Hamilton,Dutch Grand Prix,21613.0
69,2,73.981,British,Lewis Hamilton,Dutch Grand Prix,51838.0
70,2,76.335,British,Lewis Hamilton,Dutch Grand Prix,6327.0
71,2,92.729,British,Lewis Hamilton,Dutch Grand Prix,18679.0
72,2,71.097,British,Lewis Hamilton,Dutch Grand Prix,4055.0
1,3,80.387,Finnish,Valtteri Bottas,Dutch Grand Prix,19594.0
2,3,75.861,Finnish,Valtteri Bottas,Dutch Grand Prix,5314.0
3,3,75.699,Finnish,Valtteri Bottas,Dutch Grand Prix,5712.0
4,3,75.152,Finnish,Valtteri Bottas,Dutch Grand Prix,10462.0
5,3,75.169,Finnish,Valtteri Bottas,Dutch Grand Prix,37915.0
6,3,75.53,Finnish,Valtteri Bottas,Dutch Grand Prix,4462.0
7,3,75.635,Finnish,Valtteri Bottas,Dutch Grand Prix,5659.0
8,3,75.237,Finnish,Valtteri Bottas,Dutch Grand Prix,6463.0
9,3,75.755,Finnish,Valtteri Bottas,Dutch Grand Prix,18749.0
10,3,75.656,Finnish,Valtteri Bottas,Dutch Grand Prix,7195.0
11,3,75.685,Finnish,Valtteri Bottas,Dutch Grand Prix,19177.0
12,3,75.511,Finnish,Valtteri Bottas,Dutch Grand Prix,3635.0
13,3,75.509,Finnish,Valtteri Bottas,Dutch Grand Prix,4878.0
14,3,75.476,Finnish,Valtteri Bottas,Dutch Grand Prix,5709.0
15,3,75.566,Finnish,Valtteri Bottas,Dutch Grand Prix,3986.0
16,3,75.706,Finnish,Valtteri Bottas,Dutch Grand Prix,5421.0
17,3,75.695,Finnish,Valtteri Bottas,Dutch Grand Prix,3059.0
18,3,75.499,Finnish,Valtteri Bottas,Dutch Grand Prix,3055.0
19,3,75.724,Finnish,Valtteri Bottas,Dutch Grand Prix,3567.0
20,3,75.416,Finnish,Valtteri Bottas,Dutch Grand Prix,3871.0
21,2,75.496,Finnish,Valtteri Bottas,Dutch Grand Prix,17053.0
22,1,75.593,Finnish,Valtteri Bottas,Dutch Grand Prix,18817.0
23,1,75.958,Finnish,Valtteri Bottas,Dutch Grand Prix,6403.0
24,1,76.486,Finnish,Valtteri Bottas,Dutch Grand Prix,21196.0
25,1,76.139,Finnish,Valtteri Bottas,Dutch Grand Prix,18776.0
26,1,75.82,Finnish,Valtteri Bottas,Dutch Grand Prix,5540.0
27,1,75.508,Finnish,Valtteri Bottas,Dutch Grand Prix,6049.0
28,1,75.963,Finnish,Valtteri Bottas,Dutch Grand Prix,20189.0
29,1,76.043,Finnish,Valtteri Bottas,Dutch Grand Prix,2608.0
30,2,76.974,Finnish,Valtteri Bottas,Dutch Grand Prix,9775.0
31,3,82.297,Finnish,Valtteri Bottas,Dutch Grand Prix,26792.0
32,3,92.787,Finnish,Valtteri Bottas,Dutch Grand Prix,20936.0
33,3,75.049,Finnish,Valtteri Bottas,Dutch Grand Prix,6748.0
34,3,74.025,Finnish,Valtteri Bottas,Dutch Grand Prix,22496.0
35,3,74.142,Finnish,Valtteri Bottas,Dutch Grand Prix,20638.0
36,3,74.922,Finnish,Valtteri Bottas,Dutch Grand Prix,10396.0
37,3,75.694,Finnish,Valtteri Bottas,Dutch Grand Prix,5415.0
38,3,74.307,Finnish,Valtteri Bottas,Dutch Grand Prix,5416.0
39,3,74.199,Finnish,Valtteri Bottas,Dutch Grand Prix,5836.0
40,3,75.397,Finnish,Valtteri Bottas,Dutch Grand Prix,16938.0
41,3,74.96,Finnish,Valtteri Bottas,Dutch Grand Prix,23057.0
42,3,74.601,Finnish,Valtteri Bottas,Dutch Grand Prix,6105.0
43,3,74.632,Finnish,Valtteri Bottas,Dutch Grand Prix,21770.0
44,3,74.646,Finnish,Valtteri Bottas,Dutch Grand Prix,5833.0
45,3,74.412,Finnish,Valtteri Bottas,Dutch Grand Prix,19568.0
46,3,74.349,Finnish,Valtteri Bottas,Dutch Grand Prix,4008.0
47,3,74.366,Finnish,Valtteri Bottas,Dutch Grand Prix,5864.0
48,3,74.383,Finnish,Valtteri Bottas,Dutch Grand Prix,19267.0
49,3,74.857,Finnish,Valtteri Bottas,Dutch Grand Prix,5521.0
50,3,74.9,Finnish,Valtteri Bottas,Dutch Grand Prix,4776.0
51,3,74.722,Finnish,Valtteri Bottas,Dutch Grand Prix,4592.0
52,3,74.365,Finnish,Valtteri Bottas,Dutch Grand Prix,4715.0
53,3,74.334,Finnish,Valtteri Bottas,Dutch Grand Prix,5312.0
54,3,74.791,Finnish,Valtteri Bottas,Dutch Grand Prix,4633.0
55,3,74.273,Finnish,Valtteri Bottas,Dutch Grand Prix,3405.0
56,3,75.005,Finnish,Valtteri Bottas,Dutch Grand Prix,4243.0
57,3,74.108,Finnish,Valtteri Bottas,Dutch Grand Prix,7007.0
58,3,74.064,Finnish,Valtteri Bottas,Dutch Grand Prix,4540.0
59,3,74.366,Finnish,Valtteri Bottas,Dutch Grand Prix,4616.0
60,3,74.295,Finnish,Valtteri Bottas,Dutch Grand Prix,11889.0
61,3,74.555,Finnish,Valtteri Bottas,Dutch Grand Prix,8204.0
62,3,75.026,Finnish,Valtteri Bottas,Dutch Grand Prix,5468.0
63,3,76.27,Finnish,Valtteri Bottas,Dutch Grand Prix,3882.0
64,3,74.279,Finnish,Valtteri Bottas,Dutch Grand Prix,4356.0
65,3,75.52,Finnish,Valtteri Bottas,Dutch Grand Prix,4257.0
66,3,74.826,Finnish,Valtteri Bottas,Dutch Grand Prix,8417.0
67,3,79.564,Finnish,Valtteri Bottas,Dutch Grand Prix,6883.0
68,3,95.768,Finnish,Valtteri Bottas,Dutch Grand Prix,21613.0
69,3,72.549,Finnish,Valtteri Bottas,Dutch Grand Prix,51838.0
70,3,73.881,Finnish,Valtteri Bottas,Dutch Grand Prix,6327.0
71,3,75.369,Finnish,Valtteri Bottas,Dutch Grand Prix,18679.0
72,3,75.152,Finnish,Valtteri Bottas,Dutch Grand Prix,4055.0
1,4,81.662,French,Pierre Gasly,Dutch Grand Prix,19594.0
2,4,76.839,French,Pierre Gasly,Dutch Grand Prix,5314.0
3,4,76.483,French,Pierre Gasly,Dutch Grand Prix,5712.0
4,4,76.125,French,Pierre Gasly,Dutch Grand Prix,10462.0
5,4,76.235,French,Pierre Gasly,Dutch Grand Prix,37915.0
6,4,76.138,French,Pierre Gasly,Dutch Grand Prix,4462.0
7,4,76.352,French,Pierre Gasly,Dutch Grand Prix,5659.0
8,4,76.89,French,Pierre Gasly,Dutch Grand Prix,6463.0
9,4,76.552,French,Pierre Gasly,Dutch Grand Prix,18749.0
10,4,76.553,French,Pierre Gasly,Dutch Grand Prix,7195.0
11,4,76.752,French,Pierre Gasly,Dutch Grand Prix,19177.0
12,4,76.491,French,Pierre Gasly,Dutch Grand Prix,3635.0
13,4,76.666,French,Pierre Gasly,Dutch Grand Prix,4878.0
14,4,76.872,French,Pierre Gasly,Dutch Grand Prix,5709.0
15,4,76.313,French,Pierre Gasly,Dutch Grand Prix,3986.0
16,4,76.307,French,Pierre Gasly,Dutch Grand Prix,5421.0
17,4,76.578,French,Pierre Gasly,Dutch Grand Prix,3059.0
18,4,76.599,French,Pierre Gasly,Dutch Grand Prix,3055.0
19,4,76.452,French,Pierre Gasly,Dutch Grand Prix,3567.0
20,4,76.218,French,Pierre Gasly,Dutch Grand Prix,3871.0
21,4,76.43,French,Pierre Gasly,Dutch Grand Prix,17053.0
22,4,76.47,French,Pierre Gasly,Dutch Grand Prix,18817.0
23,4,76.652,French,Pierre Gasly,Dutch Grand Prix,6403.0
24,5,79.651,French,Pierre Gasly,Dutch Grand Prix,21196.0
25,7,93.194,French,Pierre Gasly,Dutch Grand Prix,18776.0
26,7,75.153,French,Pierre Gasly,Dutch Grand Prix,5540.0
27,7,76.285,French,Pierre Gasly,Dutch Grand Prix,6049.0
28,6,75.45,French,Pierre Gasly,Dutch Grand Prix,20189.0
29,6,76.042,French,Pierre Gasly,Dutch Grand Prix,2608.0
30,6,75.911,French,Pierre Gasly,Dutch Grand Prix,9775.0
31,6,76.114,French,Pierre Gasly,Dutch Grand Prix,26792.0
32,5,75.833,French,Pierre Gasly,Dutch Grand Prix,20936.0
33,5,75.871,French,Pierre Gasly,Dutch Grand Prix,6748.0
34,5,76.32,French,Pierre Gasly,Dutch Grand Prix,22496.0
35,4,76.16,French,Pierre Gasly,Dutch Grand Prix,20638.0
36,4,76.059,French,Pierre Gasly,Dutch Grand Prix,10396.0
37,4,75.903,French,Pierre Gasly,Dutch Grand Prix,5415.0
38,4,75.729,French,Pierre Gasly,Dutch Grand Prix,5416.0
39,4,75.863,French,Pierre Gasly,Dutch Grand Prix,5836.0
40,4,75.535,French,Pierre Gasly,Dutch Grand Prix,16938.0
41,4,75.622,French,Pierre Gasly,Dutch Grand Prix,23057.0
42,4,75.548,French,Pierre Gasly,Dutch Grand Prix,6105.0
43,4,75.477,French,Pierre Gasly,Dutch Grand Prix,21770.0
44,4,75.269,French,Pierre Gasly,Dutch Grand Prix,5833.0
45,4,75.54,French,Pierre Gasly,Dutch Grand Prix,19568.0
46,4,75.375,French,Pierre Gasly,Dutch Grand Prix,4008.0
47,4,75.259,French,Pierre Gasly,Dutch Grand Prix,5864.0
48,4,75.295,French,Pierre Gasly,Dutch Grand Prix,19267.0
49,4,75.454,French,Pierre Gasly,Dutch Grand Prix,5521.0
50,4,75.974,French,Pierre Gasly,Dutch Grand Prix,4776.0
51,4,75.989,French,Pierre Gasly,Dutch Grand Prix,4592.0
52,4,75.399,French,Pierre Gasly,Dutch Grand Prix,4715.0
53,4,75.483,French,Pierre Gasly,Dutch Grand Prix,5312.0
54,4,75.105,French,Pierre Gasly,Dutch Grand Prix,4633.0
55,4,75.314,French,Pierre Gasly,Dutch Grand Prix,3405.0
56,4,74.916,French,Pierre Gasly,Dutch Grand Prix,4243.0
57,4,74.818,French,Pierre Gasly,Dutch Grand Prix,7007.0
58,4,74.882,French,Pierre Gasly,Dutch Grand Prix,4540.0
59,4,75.082,French,Pierre Gasly,Dutch Grand Prix,4616.0
60,4,74.866,French,Pierre Gasly,Dutch Grand Prix,11889.0
61,4,74.868,French,Pierre Gasly,Dutch Grand Prix,8204.0
62,4,74.859,French,Pierre Gasly,Dutch Grand Prix,5468.0
63,4,75.191,French,Pierre Gasly,Dutch Grand Prix,3882.0
64,4,75.131,French,Pierre Gasly,Dutch Grand Prix,4356.0
65,4,75.43,French,Pierre Gasly,Dutch Grand Prix,4257.0
66,4,76.185,French,Pierre Gasly,Dutch Grand Prix,8417.0
67,4,78.037,French,Pierre Gasly,Dutch Grand Prix,6883.0
68,4,77.262,French,Pierre Gasly,Dutch Grand Prix,21613.0
69,4,76.135,French,Pierre Gasly,Dutch Grand Prix,51838.0
70,4,75.563,French,Pierre Gasly,Dutch Grand Prix,6327.0
71,4,76.153,French,Pierre Gasly,Dutch Grand Prix,18679.0
1,5,82.599,Monegasque,Charles Leclerc,Dutch Grand Prix,19594.0
2,5,77.903,Monegasque,Charles Leclerc,Dutch Grand Prix,5314.0
3,5,77.062,Monegasque,Charles Leclerc,Dutch Grand Prix,5712.0
4,5,76.978,Monegasque,Charles Leclerc,Dutch Grand Prix,10462.0
5,5,76.581,Monegasque,Charles Leclerc,Dutch Grand Prix,37915.0
6,5,76.597,Monegasque,Charles Leclerc,Dutch Grand Prix,4462.0
7,5,76.596,Monegasque,Charles Leclerc,Dutch Grand Prix,5659.0
8,5,76.565,Monegasque,Charles Leclerc,Dutch Grand Prix,6463.0
9,5,76.327,Monegasque,Charles Leclerc,Dutch Grand Prix,18749.0
10,5,76.71,Monegasque,Charles Leclerc,Dutch Grand Prix,7195.0
11,5,76.196,Monegasque,Charles Leclerc,Dutch Grand Prix,19177.0
12,5,76.33,Monegasque,Charles Leclerc,Dutch Grand Prix,3635.0
13,5,76.318,Monegasque,Charles Leclerc,Dutch Grand Prix,4878.0
14,5,76.273,Monegasque,Charles Leclerc,Dutch Grand Prix,5709.0
15,5,76.547,Monegasque,Charles Leclerc,Dutch Grand Prix,3986.0
16,5,76.276,Monegasque,Charles Leclerc,Dutch Grand Prix,5421.0
17,5,76.416,Monegasque,Charles Leclerc,Dutch Grand Prix,3059.0
18,5,76.331,Monegasque,Charles Leclerc,Dutch Grand Prix,3055.0
19,5,76.343,Monegasque,Charles Leclerc,Dutch Grand Prix,3567.0
20,5,76.238,Monegasque,Charles Leclerc,Dutch Grand Prix,3871.0
21,5,76.207,Monegasque,Charles Leclerc,Dutch Grand Prix,17053.0
22,5,76.322,Monegasque,Charles Leclerc,Dutch Grand Prix,18817.0
23,5,76.046,Monegasque,Charles Leclerc,Dutch Grand Prix,6403.0
24,4,76.812,Monegasque,Charles Leclerc,Dutch Grand Prix,21196.0
25,4,75.931,Monegasque,Charles Leclerc,Dutch Grand Prix,18776.0
26,4,76.249,Monegasque,Charles Leclerc,Dutch Grand Prix,5540.0
27,4,76.244,Monegasque,Charles Leclerc,Dutch Grand Prix,6049.0
28,4,76.321,Monegasque,Charles Leclerc,Dutch Grand Prix,20189.0
29,4,76.396,Monegasque,Charles Leclerc,Dutch Grand Prix,2608.0
30,4,76.703,Monegasque,Charles Leclerc,Dutch Grand Prix,9775.0
31,4,76.666,Monegasque,Charles Leclerc,Dutch Grand Prix,26792.0
32,4,77.418,Monegasque,Charles Leclerc,Dutch Grand Prix,20936.0
33,4,77.745,Monegasque,Charles Leclerc,Dutch Grand Prix,6748.0
34,4,80.851,Monegasque,Charles Leclerc,Dutch Grand Prix,22496.0
35,5,94.78,Monegasque,Charles Leclerc,Dutch Grand Prix,20638.0
36,5,75.463,Monegasque,Charles Leclerc,Dutch Grand Prix,10396.0
37,5,75.203,Monegasque,Charles Leclerc,Dutch Grand Prix,5415.0
38,5,75.342,Monegasque,Charles Leclerc,Dutch Grand Prix,5416.0
39,5,75.117,Monegasque,Charles Leclerc,Dutch Grand Prix,5836.0
40,5,75.325,Monegasque,Charles Leclerc,Dutch Grand Prix,16938.0
41,5,75.166,Monegasque,Charles Leclerc,Dutch Grand Prix,23057.0
42,5,75.466,Monegasque,Charles Leclerc,Dutch Grand Prix,6105.0
43,5,75.336,Monegasque,Charles Leclerc,Dutch Grand Prix,21770.0
44,5,75.095,Monegasque,Charles Leclerc,Dutch Grand Prix,5833.0
45,5,75.253,Monegasque,Charles Leclerc,Dutch Grand Prix,19568.0
46,5,75.235,Monegasque,Charles Leclerc,Dutch Grand Prix,4008.0
47,5,75.394,Monegasque,Charles Leclerc,Dutch Grand Prix,5864.0
48,5,75.004,Monegasque,Charles Leclerc,Dutch Grand Prix,19267.0
49,5,75.318,Monegasque,Charles Leclerc,Dutch Grand Prix,5521.0
50,5,75.093,Monegasque,Charles Leclerc,Dutch Grand Prix,4776.0
51,5,75.029,Monegasque,Charles Leclerc,Dutch Grand Prix,4592.0
52,5,74.821,Monegasque,Charles Leclerc,Dutch Grand Prix,4715.0
53,5,75.823,Monegasque,Charles Leclerc,Dutch Grand Prix,5312.0
54,5,75.27,Monegasque,Charles Leclerc,Dutch Grand Prix,4633.0
55,5,74.837,Monegasque,Charles Leclerc,Dutch Grand Prix,3405.0
56,5,74.86,Monegasque,Charles Leclerc,Dutch Grand Prix,4243.0
57,5,74.852,Monegasque,Charles Leclerc,Dutch Grand Prix,7007.0
58,5,74.78,Monegasque,Charles Leclerc,Dutch Grand Prix,4540.0
59,5,74.9,Monegasque,Charles Leclerc,Dutch Grand Prix,4616.0
60,5,74.787,Monegasque,Charles Leclerc,Dutch Grand Prix,11889.0
61,5,74.904,Monegasque,Charles Leclerc,Dutch Grand Prix,8204.0
62,5,74.837,Monegasque,Charles Leclerc,Dutch Grand Prix,5468.0
63,5,76.832,Monegasque,Charles Leclerc,Dutch Grand Prix,3882.0
64,5,77.754,Monegasque,Charles Leclerc,Dutch Grand Prix,4356.0
65,5,76.058,Monegasque,Charles Leclerc,Dutch Grand Prix,4257.0
66,5,75.852,Monegasque,Charles Leclerc,Dutch Grand Prix,8417.0
67,5,75.432,Monegasque,Charles Leclerc,Dutch Grand Prix,6883.0
68,5,75.458,Monegasque,Charles Leclerc,Dutch Grand Prix,21613.0
69,5,75.269,Monegasque,Charles Leclerc,Dutch Grand Prix,51838.0
70,5,76.589,Monegasque,Charles Leclerc,Dutch Grand Prix,6327.0
71,5,76.544,Monegasque,Charles Leclerc,Dutch Grand Prix,18679.0
1,6,83.478,Spanish,Carlos Sainz,Dutch Grand Prix,19594.0
2,6,78.168,Spanish,Carlos Sainz,Dutch Grand Prix,5314.0
3,6,77.552,Spanish,Carlos Sainz,Dutch Grand Prix,5712.0
4,6,77.269,Spanish,Carlos Sainz,Dutch Grand Prix,10462.0
5,6,77.044,Spanish,Carlos Sainz,Dutch Grand Prix,37915.0
6,6,76.989,Spanish,Carlos Sainz,Dutch Grand Prix,4462.0
7,6,77.055,Spanish,Carlos Sainz,Dutch Grand Prix,5659.0
8,6,76.814,Spanish,Carlos Sainz,Dutch Grand Prix,6463.0
9,6,76.893,Spanish,Carlos Sainz,Dutch Grand Prix,18749.0
10,6,76.677,Spanish,Carlos Sainz,Dutch Grand Prix,7195.0
11,6,76.76,Spanish,Carlos Sainz,Dutch Grand Prix,19177.0
12,6,76.796,Spanish,Carlos Sainz,Dutch Grand Prix,3635.0
13,6,76.451,Spanish,Carlos Sainz,Dutch Grand Prix,4878.0
14,6,76.631,Spanish,Carlos Sainz,Dutch Grand Prix,5709.0
15,6,76.509,Spanish,Carlos Sainz,Dutch Grand Prix,3986.0
16,6,76.854,Spanish,Carlos Sainz,Dutch Grand Prix,5421.0
17,6,76.865,Spanish,Carlos Sainz,Dutch Grand Prix,3059.0
18,6,76.295,Spanish,Carlos Sainz,Dutch Grand Prix,3055.0
19,6,76.275,Spanish,Carlos Sainz,Dutch Grand Prix,3567.0
20,6,76.348,Spanish,Carlos Sainz,Dutch Grand Prix,3871.0
21,6,76.317,Spanish,Carlos Sainz,Dutch Grand Prix,17053.0
22,6,76.535,Spanish,Carlos Sainz,Dutch Grand Prix,18817.0
23,6,76.419,Spanish,Carlos Sainz,Dutch Grand Prix,6403.0
24,6,76.561,Spanish,Carlos Sainz,Dutch Grand Prix,21196.0
25,5,76.685,Spanish,Carlos Sainz,Dutch Grand Prix,18776.0
26,5,76.639,Spanish,Carlos Sainz,Dutch Grand Prix,5540.0
27,5,76.738,Spanish,Carlos Sainz,Dutch Grand Prix,6049.0
28,5,77.033,Spanish,Carlos Sainz,Dutch Grand Prix,20189.0
29,5,77.053,Spanish,Carlos Sainz,Dutch Grand Prix,2608.0
30,5,77.151,Spanish,Carlos Sainz,Dutch Grand Prix,9775.0
31,5,80.945,Spanish,Carlos Sainz,Dutch Grand Prix,26792.0
32,7,95.822,Spanish,Carlos Sainz,Dutch Grand Prix,20936.0
33,7,76.263,Spanish,Carlos Sainz,Dutch Grand Prix,6748.0
34,6,75.94,Spanish,Carlos Sainz,Dutch Grand Prix,22496.0
35,6,75.77,Spanish,Carlos Sainz,Dutch Grand Prix,20638.0
36,6,75.702,Spanish,Carlos Sainz,Dutch Grand Prix,10396.0
37,6,75.881,Spanish,Carlos Sainz,Dutch Grand Prix,5415.0
38,6,75.482,Spanish,Carlos Sainz,Dutch Grand Prix,5416.0
39,6,75.707,Spanish,Carlos Sainz,Dutch Grand Prix,5836.0
40,6,75.665,Spanish,Carlos Sainz,Dutch Grand Prix,16938.0
41,6,75.585,Spanish,Carlos Sainz,Dutch Grand Prix,23057.0
42,6,75.725,Spanish,Carlos Sainz,Dutch Grand Prix,6105.0
43,6,75.428,Spanish,Carlos Sainz,Dutch Grand Prix,21770.0
44,6,75.633,Spanish,Carlos Sainz,Dutch Grand Prix,5833.0
45,6,75.26,Spanish,Carlos Sainz,Dutch Grand Prix,19568.0
46,6,75.715,Spanish,Carlos Sainz,Dutch Grand Prix,4008.0
47,6,75.777,Spanish,Carlos Sainz,Dutch Grand Prix,5864.0
48,6,75.701,Spanish,Carlos Sainz,Dutch Grand Prix,19267.0
49,6,75.635,Spanish,Carlos Sainz,Dutch Grand Prix,5521.0
50,6,75.655,Spanish,Carlos Sainz,Dutch Grand Prix,4776.0
51,6,77.916,Spanish,Carlos Sainz,Dutch Grand Prix,4592.0
52,6,77.583,Spanish,Carlos Sainz,Dutch Grand Prix,4715.0
53,6,76.041,Spanish,Carlos Sainz,Dutch Grand Prix,5312.0
54,6,76.02,Spanish,Carlos Sainz,Dutch Grand Prix,4633.0
55,6,75.829,Spanish,Carlos Sainz,Dutch Grand Prix,3405.0
56,6,75.896,Spanish,Carlos Sainz,Dutch Grand Prix,4243.0
57,6,75.381,Spanish,Carlos Sainz,Dutch Grand Prix,7007.0
58,6,75.602,Spanish,Carlos Sainz,Dutch Grand Prix,4540.0
59,6,75.564,Spanish,Carlos Sainz,Dutch Grand Prix,4616.0
60,6,75.655,Spanish,Carlos Sainz,Dutch Grand Prix,11889.0
61,6,76.029,Spanish,Carlos Sainz,Dutch Grand Prix,8204.0
62,6,79.155,Spanish,Carlos Sainz,Dutch Grand Prix,5468.0
63,6,75.853,Spanish,Carlos Sainz,Dutch Grand Prix,3882.0
64,6,75.743,Spanish,Carlos Sainz,Dutch Grand Prix,4356.0
65,6,75.678,Spanish,Carlos Sainz,Dutch Grand Prix,4257.0
66,6,76.445,Spanish,Carlos Sainz,Dutch Grand Prix,8417.0
67,6,76.154,Spanish,Carlos Sainz,Dutch Grand Prix,6883.0
68,6,76.171,Spanish,Carlos Sainz,Dutch Grand Prix,21613.0
69,6,75.993,Spanish,Carlos Sainz,Dutch Grand Prix,51838.0
70,6,76.464,Spanish,Carlos Sainz,Dutch Grand Prix,6327.0
71,7,77.579,Spanish,Carlos Sainz,Dutch Grand Prix,18679.0
1,7,84.243,Spanish,Fernando Alonso,Dutch Grand Prix,19594.0
2,7,78.102,Spanish,Fernando Alonso,Dutch Grand Prix,5314.0
3,7,77.532,Spanish,Fernando Alonso,Dutch Grand Prix,5712.0
4,7,77.805,Spanish,Fernando Alonso,Dutch Grand Prix,10462.0
5,7,78.107,Spanish,Fernando Alonso,Dutch Grand Prix,37915.0
6,7,77.955,Spanish,Fernando Alonso,Dutch Grand Prix,4462.0
7,7,77.988,Spanish,Fernando Alonso,Dutch Grand Prix,5659.0
8,7,77.966,Spanish,Fernando Alonso,Dutch Grand Prix,6463.0
9,7,77.745,Spanish,Fernando Alonso,Dutch Grand Prix,18749.0
10,7,77.96,Spanish,Fernando Alonso,Dutch Grand Prix,7195.0
11,7,77.78,Spanish,Fernando Alonso,Dutch Grand Prix,19177.0
12,7,77.44,Spanish,Fernando Alonso,Dutch Grand Prix,3635.0
13,7,77.41,Spanish,Fernando Alonso,Dutch Grand Prix,4878.0
14,7,77.269,Spanish,Fernando Alonso,Dutch Grand Prix,5709.0
15,7,76.759,Spanish,Fernando Alonso,Dutch Grand Prix,3986.0
16,7,76.532,Spanish,Fernando Alonso,Dutch Grand Prix,5421.0
17,7,76.622,Spanish,Fernando Alonso,Dutch Grand Prix,3059.0
18,7,76.606,Spanish,Fernando Alonso,Dutch Grand Prix,3055.0
19,7,76.436,Spanish,Fernando Alonso,Dutch Grand Prix,3567.0
20,7,76.451,Spanish,Fernando Alonso,Dutch Grand Prix,3871.0
21,7,76.558,Spanish,Fernando Alonso,Dutch Grand Prix,17053.0
22,7,75.991,Spanish,Fernando Alonso,Dutch Grand Prix,18817.0
23,7,75.943,Spanish,Fernando Alonso,Dutch Grand Prix,6403.0
24,7,76.258,Spanish,Fernando Alonso,Dutch Grand Prix,21196.0
25,6,76.464,Spanish,Fernando Alonso,Dutch Grand Prix,18776.0
26,6,76.177,Spanish,Fernando Alonso,Dutch Grand Prix,5540.0
27,6,76.39,Spanish,Fernando Alonso,Dutch Grand Prix,6049.0
28,7,77.964,Spanish,Fernando Alonso,Dutch Grand Prix,20189.0
29,7,76.682,Spanish,Fernando Alonso,Dutch Grand Prix,2608.0
30,7,77.04,Spanish,Fernando Alonso,Dutch Grand Prix,9775.0
31,7,76.973,Spanish,Fernando Alonso,Dutch Grand Prix,26792.0
32,6,77.112,Spanish,Fernando Alonso,Dutch Grand Prix,20936.0
33,6,80.105,Spanish,Fernando Alonso,Dutch Grand Prix,6748.0
34,9,94.241,Spanish,Fernando Alonso,Dutch Grand Prix,22496.0
35,9,77.118,Spanish,Fernando Alonso,Dutch Grand Prix,20638.0
36,9,77.548,Spanish,Fernando Alonso,Dutch Grand Prix,10396.0
37,9,75.647,Spanish,Fernando Alonso,Dutch Grand Prix,5415.0
38,9,76.352,Spanish,Fernando Alonso,Dutch Grand Prix,5416.0
39,9,76.03,Spanish,Fernando Alonso,Dutch Grand Prix,5836.0
40,9,76.02,Spanish,Fernando Alonso,Dutch Grand Prix,16938.0
41,9,75.982,Spanish,Fernando Alonso,Dutch Grand Prix,23057.0
42,9,76.596,Spanish,Fernando Alonso,Dutch Grand Prix,6105.0
43,8,75.806,Spanish,Fernando Alonso,Dutch Grand Prix,21770.0
44,8,77.587,Spanish,Fernando Alonso,Dutch Grand Prix,5833.0
45,8,76.814,Spanish,Fernando Alonso,Dutch Grand Prix,19568.0
46,8,75.555,Spanish,Fernando Alonso,Dutch Grand Prix,4008.0
47,7,76.042,Spanish,Fernando Alonso,Dutch Grand Prix,5864.0
48,7,75.555,Spanish,Fernando Alonso,Dutch Grand Prix,19267.0
49,7,75.77,Spanish,Fernando Alonso,Dutch Grand Prix,5521.0
50,7,76.125,Spanish,Fernando Alonso,Dutch Grand Prix,4776.0
51,7,76.754,Spanish,Fernando Alonso,Dutch Grand Prix,4592.0
52,7,74.964,Spanish,Fernando Alonso,Dutch Grand Prix,4715.0
53,7,74.78,Spanish,Fernando Alonso,Dutch Grand Prix,5312.0
54,7,74.525,Spanish,Fernando Alonso,Dutch Grand Prix,4633.0
55,7,74.526,Spanish,Fernando Alonso,Dutch Grand Prix,3405.0
56,7,74.49,Spanish,Fernando Alonso,Dutch Grand Prix,4243.0
57,7,74.324,Spanish,Fernando Alonso,Dutch Grand Prix,7007.0
58,7,74.592,Spanish,Fernando Alonso,Dutch Grand Prix,4540.0
59,7,74.382,Spanish,Fernando Alonso,Dutch Grand Prix,4616.0
60,7,74.323,Spanish,Fernando Alonso,Dutch Grand Prix,11889.0
61,7,74.744,Spanish,Fernando Alonso,Dutch Grand Prix,8204.0
62,7,75.951,Spanish,Fernando Alonso,Dutch Grand Prix,5468.0
63,7,75.61,Spanish,Fernando Alonso,Dutch Grand Prix,3882.0
64,7,76.124,Spanish,Fernando Alonso,Dutch Grand Prix,4356.0
65,7,75.382,Spanish,Fernando Alonso,Dutch Grand Prix,4257.0
66,7,76.21,Spanish,Fernando Alonso,Dutch Grand Prix,8417.0
67,7,76.32,Spanish,Fernando Alonso,Dutch Grand Prix,6883.0
68,7,76.202,Spanish,Fernando Alonso,Dutch Grand Prix,21613.0
69,7,75.977,Spanish,Fernando Alonso,Dutch Grand Prix,51838.0
70,7,76.162,Spanish,Fernando Alonso,Dutch Grand Prix,6327.0
71,6,75.369,Spanish,Fernando Alonso,Dutch Grand Prix,18679.0
1,8,84.84,French,Esteban Ocon,Dutch Grand Prix,19594.0
2,8,78.287,French,Esteban Ocon,Dutch Grand Prix,5314.0
3,8,77.626,French,Esteban Ocon,Dutch Grand Prix,5712.0
4,8,77.623,French,Esteban Ocon,Dutch Grand Prix,10462.0
5,8,78.209,French,Esteban Ocon,Dutch Grand Prix,37915.0
6,8,77.961,French,Esteban Ocon,Dutch Grand Prix,4462.0
7,8,77.966,French,Esteban Ocon,Dutch Grand Prix,5659.0
8,8,77.788,French,Esteban Ocon,Dutch Grand Prix,6463.0
9,8,77.991,French,Esteban Ocon,Dutch Grand Prix,18749.0
10,8,78.251,French,Esteban Ocon,Dutch Grand Prix,7195.0
11,8,78.053,French,Esteban Ocon,Dutch Grand Prix,19177.0
12,8,77.684,French,Esteban Ocon,Dutch Grand Prix,3635.0
13,8,77.427,French,Esteban Ocon,Dutch Grand Prix,4878.0
14,8,77.489,French,Esteban Ocon,Dutch Grand Prix,5709.0
15,8,77.295,French,Esteban Ocon,Dutch Grand Prix,3986.0
16,8,76.956,French,Esteban Ocon,Dutch Grand Prix,5421.0
17,8,76.743,French,Esteban Ocon,Dutch Grand Prix,3059.0
18,8,76.765,French,Esteban Ocon,Dutch Grand Prix,3055.0
19,8,76.787,French,Esteban Ocon,Dutch Grand Prix,3567.0
20,8,76.844,French,Esteban Ocon,Dutch Grand Prix,3871.0
21,8,76.723,French,Esteban Ocon,Dutch Grand Prix,17053.0
22,8,76.912,French,Esteban Ocon,Dutch Grand Prix,18817.0
23,8,76.816,French,Esteban Ocon,Dutch Grand Prix,6403.0
24,8,76.681,French,Esteban Ocon,Dutch Grand Prix,21196.0
25,8,76.706,French,Esteban Ocon,Dutch Grand Prix,18776.0
26,8,76.575,French,Esteban Ocon,Dutch Grand Prix,5540.0
27,8,76.88,French,Esteban Ocon,Dutch Grand Prix,6049.0
28,8,76.681,French,Esteban Ocon,Dutch Grand Prix,20189.0
29,8,76.617,French,Esteban Ocon,Dutch Grand Prix,2608.0
30,8,76.668,French,Esteban Ocon,Dutch Grand Prix,9775.0
31,8,79.92,French,Esteban Ocon,Dutch Grand Prix,26792.0
32,10,92.589,French,Esteban Ocon,Dutch Grand Prix,20936.0
33,10,75.212,French,Esteban Ocon,Dutch Grand Prix,6748.0
34,10,77.995,French,Esteban Ocon,Dutch Grand Prix,22496.0
35,10,76.557,French,Esteban Ocon,Dutch Grand Prix,20638.0
36,10,75.759,French,Esteban Ocon,Dutch Grand Prix,10396.0
37,10,76.177,French,Esteban Ocon,Dutch Grand Prix,5415.0
38,10,76.409,French,Esteban Ocon,Dutch Grand Prix,5416.0
39,10,75.963,French,Esteban Ocon,Dutch Grand Prix,5836.0
40,10,75.906,French,Esteban Ocon,Dutch Grand Prix,16938.0
41,10,76.117,French,Esteban Ocon,Dutch Grand Prix,23057.0
42,10,76.067,French,Esteban Ocon,Dutch Grand Prix,6105.0
43,9,77.035,French,Esteban Ocon,Dutch Grand Prix,21770.0
44,9,76.984,French,Esteban Ocon,Dutch Grand Prix,5833.0
45,9,76.228,French,Esteban Ocon,Dutch Grand Prix,19568.0
46,9,75.92,French,Esteban Ocon,Dutch Grand Prix,4008.0
47,8,75.933,French,Esteban Ocon,Dutch Grand Prix,5864.0
48,8,75.768,French,Esteban Ocon,Dutch Grand Prix,19267.0
49,8,77.242,French,Esteban Ocon,Dutch Grand Prix,5521.0
50,8,75.72,French,Esteban Ocon,Dutch Grand Prix,4776.0
51,8,75.544,French,Esteban Ocon,Dutch Grand Prix,4592.0
52,8,75.486,French,Esteban Ocon,Dutch Grand Prix,4715.0
53,8,75.08,French,Esteban Ocon,Dutch Grand Prix,5312.0
54,8,74.675,French,Esteban Ocon,Dutch Grand Prix,4633.0
55,8,75.109,French,Esteban Ocon,Dutch Grand Prix,3405.0
56,8,74.939,French,Esteban Ocon,Dutch Grand Prix,4243.0
57,8,74.781,French,Esteban Ocon,Dutch Grand Prix,7007.0
58,8,75.023,French,Esteban Ocon,Dutch Grand Prix,4540.0
59,8,74.915,French,Esteban Ocon,Dutch Grand Prix,4616.0
60,8,74.734,French,Esteban Ocon,Dutch Grand Prix,11889.0
61,8,75.051,French,Esteban Ocon,Dutch Grand Prix,8204.0
62,8,75.075,French,Esteban Ocon,Dutch Grand Prix,5468.0
63,8,75.569,French,Esteban Ocon,Dutch Grand Prix,3882.0
64,8,75.15,French,Esteban Ocon,Dutch Grand Prix,4356.0
65,8,75.059,French,Esteban Ocon,Dutch Grand Prix,4257.0
66,8,75.483,French,Esteban Ocon,Dutch Grand Prix,8417.0
67,8,76.319,French,Esteban Ocon,Dutch Grand Prix,6883.0
68,8,75.442,French,Esteban Ocon,Dutch Grand Prix,21613.0
69,9,76.564,French,Esteban Ocon,Dutch Grand Prix,51838.0
70,9,76.423,French,Esteban Ocon,Dutch Grand Prix,6327.0
71,9,76.699,French,Esteban Ocon,Dutch Grand Prix,18679.0
1,9,85.571,Australian,Daniel Ricciardo,Dutch Grand Prix,19594.0
2,9,78.441,Australian,Daniel Ricciardo,Dutch Grand Prix,5314.0
3,9,77.856,Australian,Daniel Ricciardo,Dutch Grand Prix,5712.0
4,9,77.816,Australian,Daniel Ricciardo,Dutch Grand Prix,10462.0
5,9,77.625,Australian,Daniel Ricciardo,Dutch Grand Prix,37915.0
6,9,77.913,Australian,Daniel Ricciardo,Dutch Grand Prix,4462.0
7,9,78.145,Australian,Daniel Ricciardo,Dutch Grand Prix,5659.0
8,9,77.926,Australian,Daniel Ricciardo,Dutch Grand Prix,6463.0
9,9,78.003,Australian,Daniel Ricciardo,Dutch Grand Prix,18749.0
10,9,78.378,Australian,Daniel Ricciardo,Dutch Grand Prix,7195.0
11,9,78.302,Australian,Daniel Ricciardo,Dutch Grand Prix,19177.0
12,9,77.64,Australian,Daniel Ricciardo,Dutch Grand Prix,3635.0
13,9,77.484,Australian,Daniel Ricciardo,Dutch Grand Prix,4878.0
14,9,77.407,Australian,Daniel Ricciardo,Dutch Grand Prix,5709.0
15,9,77.67,Australian,Daniel Ricciardo,Dutch Grand Prix,3986.0
16,9,77.52,Australian,Daniel Ricciardo,Dutch Grand Prix,5421.0
17,9,77.093,Australian,Daniel Ricciardo,Dutch Grand Prix,3059.0
18,9,77.0,Australian,Daniel Ricciardo,Dutch Grand Prix,3055.0
19,9,77.108,Australian,Daniel Ricciardo,Dutch Grand Prix,3567.0
20,9,76.936,Australian,Daniel Ricciardo,Dutch Grand Prix,3871.0
21,9,76.769,Australian,Daniel Ricciardo,Dutch Grand Prix,17053.0
22,9,76.782,Australian,Daniel Ricciardo,Dutch Grand Prix,18817.0
23,9,76.921,Australian,Daniel Ricciardo,Dutch Grand Prix,6403.0
24,9,77.15,Australian,Daniel Ricciardo,Dutch Grand Prix,21196.0
25,9,77.087,Australian,Daniel Ricciardo,Dutch Grand Prix,18776.0
26,9,76.81,Australian,Daniel Ricciardo,Dutch Grand Prix,5540.0
27,9,77.12,Australian,Daniel Ricciardo,Dutch Grand Prix,6049.0
28,9,77.128,Australian,Daniel Ricciardo,Dutch Grand Prix,20189.0
29,9,77.145,Australian,Daniel Ricciardo,Dutch Grand Prix,2608.0
30,9,79.869,Australian,Daniel Ricciardo,Dutch Grand Prix,9775.0
31,12,96.145,Australian,Daniel Ricciardo,Dutch Grand Prix,26792.0
32,11,77.097,Australian,Daniel Ricciardo,Dutch Grand Prix,20936.0
33,11,76.662,Australian,Daniel Ricciardo,Dutch Grand Prix,6748.0
34,11,76.854,Australian,Daniel Ricciardo,Dutch Grand Prix,22496.0
35,11,76.138,Australian,Daniel Ricciardo,Dutch Grand Prix,20638.0
36,11,75.988,Australian,Daniel Ricciardo,Dutch Grand Prix,10396.0
37,11,76.464,Australian,Daniel Ricciardo,Dutch Grand Prix,5415.0
38,11,78.092,Australian,Daniel Ricciardo,Dutch Grand Prix,5416.0
39,11,78.285,Australian,Daniel Ricciardo,Dutch Grand Prix,5836.0
40,11,76.659,Australian,Daniel Ricciardo,Dutch Grand Prix,16938.0
41,11,78.107,Australian,Daniel Ricciardo,Dutch Grand Prix,23057.0
42,11,76.821,Australian,Daniel Ricciardo,Dutch Grand Prix,6105.0
43,10,75.674,Australian,Daniel Ricciardo,Dutch Grand Prix,21770.0
44,10,75.196,Australian,Daniel Ricciardo,Dutch Grand Prix,5833.0
45,11,76.177,Australian,Daniel Ricciardo,Dutch Grand Prix,19568.0
46,11,76.064,Australian,Daniel Ricciardo,Dutch Grand Prix,4008.0
47,11,75.399,Australian,Daniel Ricciardo,Dutch Grand Prix,5864.0
48,10,75.424,Australian,Daniel Ricciardo,Dutch Grand Prix,19267.0
49,10,75.325,Australian,Daniel Ricciardo,Dutch Grand Prix,5521.0
50,10,75.308,Australian,Daniel Ricciardo,Dutch Grand Prix,4776.0
51,10,75.112,Australian,Daniel Ricciardo,Dutch Grand Prix,4592.0
52,10,75.233,Australian,Daniel Ricciardo,Dutch Grand Prix,4715.0
53,10,75.587,Australian,Daniel Ricciardo,Dutch Grand Prix,5312.0
54,11,76.676,Australian,Daniel Ricciardo,Dutch Grand Prix,4633.0
55,11,75.586,Australian,Daniel Ricciardo,Dutch Grand Prix,3405.0
56,11,75.295,Australian,Daniel Ricciardo,Dutch Grand Prix,4243.0
57,11,74.952,Australian,Daniel Ricciardo,Dutch Grand Prix,7007.0
58,11,75.148,Australian,Daniel Ricciardo,Dutch Grand Prix,4540.0
59,11,74.92,Australian,Daniel Ricciardo,Dutch Grand Prix,4616.0
60,11,75.011,Australian,Daniel Ricciardo,Dutch Grand Prix,11889.0
61,11,75.248,Australian,Daniel Ricciardo,Dutch Grand Prix,8204.0
62,11,75.409,Australian,Daniel Ricciardo,Dutch Grand Prix,5468.0
63,11,75.238,Australian,Daniel Ricciardo,Dutch Grand Prix,3882.0
64,11,75.177,Australian,Daniel Ricciardo,Dutch Grand Prix,4356.0
65,11,75.486,Australian,Daniel Ricciardo,Dutch Grand Prix,4257.0
66,11,75.733,Australian,Daniel Ricciardo,Dutch Grand Prix,8417.0
67,11,76.442,Australian,Daniel Ricciardo,Dutch Grand Prix,6883.0
68,11,77.232,Australian,Daniel Ricciardo,Dutch Grand Prix,21613.0
69,11,75.924,Australian,Daniel Ricciardo,Dutch Grand Prix,51838.0
70,11,75.95,Australian,Daniel Ricciardo,Dutch Grand Prix,6327.0
71,11,76.469,Australian,Daniel Ricciardo,Dutch Grand Prix,18679.0
1,10,86.167,Italian,Antonio Giovinazzi,Dutch Grand Prix,19594.0
2,10,78.815,Italian,Antonio Giovinazzi,Dutch Grand Prix,5314.0
3,10,77.772,Italian,Antonio Giovinazzi,Dutch Grand Prix,5712.0
4,10,77.764,Italian,Antonio Giovinazzi,Dutch Grand Prix,10462.0
5,10,77.927,Italian,Antonio Giovinazzi,Dutch Grand Prix,37915.0
6,10,77.915,Italian,Antonio Giovinazzi,Dutch Grand Prix,4462.0
7,10,77.835,Italian,Antonio Giovinazzi,Dutch Grand Prix,5659.0
8,10,78.032,Italian,Antonio Giovinazzi,Dutch Grand Prix,6463.0
9,10,78.555,Italian,Antonio Giovinazzi,Dutch Grand Prix,18749.0
10,10,78.238,Italian,Antonio Giovinazzi,Dutch Grand Prix,7195.0
11,10,78.306,Italian,Antonio Giovinazzi,Dutch Grand Prix,19177.0
12,10,77.988,Italian,Antonio Giovinazzi,Dutch Grand Prix,3635.0
13,10,77.438,Italian,Antonio Giovinazzi,Dutch Grand Prix,4878.0
14,10,77.703,Italian,Antonio Giovinazzi,Dutch Grand Prix,5709.0
15,10,77.555,Italian,Antonio Giovinazzi,Dutch Grand Prix,3986.0
16,10,77.624,Italian,Antonio Giovinazzi,Dutch Grand Prix,5421.0
17,10,77.432,Italian,Antonio Giovinazzi,Dutch Grand Prix,3059.0
18,10,77.24,Italian,Antonio Giovinazzi,Dutch Grand Prix,3055.0
19,10,77.258,Italian,Antonio Giovinazzi,Dutch Grand Prix,3567.0
20,10,76.99,Italian,Antonio Giovinazzi,Dutch Grand Prix,3871.0
21,10,76.859,Italian,Antonio Giovinazzi,Dutch Grand Prix,17053.0
22,10,76.878,Italian,Antonio Giovinazzi,Dutch Grand Prix,18817.0
23,10,76.881,Italian,Antonio Giovinazzi,Dutch Grand Prix,6403.0
24,10,77.06,Italian,Antonio Giovinazzi,Dutch Grand Prix,21196.0
25,10,77.418,Italian,Antonio Giovinazzi,Dutch Grand Prix,18776.0
26,10,76.966,Italian,Antonio Giovinazzi,Dutch Grand Prix,5540.0
27,10,80.442,Italian,Antonio Giovinazzi,Dutch Grand Prix,6049.0
28,14,94.017,Italian,Antonio Giovinazzi,Dutch Grand Prix,20189.0
29,14,77.385,Italian,Antonio Giovinazzi,Dutch Grand Prix,2608.0
30,14,76.568,Italian,Antonio Giovinazzi,Dutch Grand Prix,9775.0
31,13,77.305,Italian,Antonio Giovinazzi,Dutch Grand Prix,26792.0
32,12,77.072,Italian,Antonio Giovinazzi,Dutch Grand Prix,20936.0
33,14,81.476,Italian,Antonio Giovinazzi,Dutch Grand Prix,6748.0
34,18,95.464,Italian,Antonio Giovinazzi,Dutch Grand Prix,22496.0
35,18,75.5,Italian,Antonio Giovinazzi,Dutch Grand Prix,20638.0
36,18,76.057,Italian,Antonio Giovinazzi,Dutch Grand Prix,10396.0
37,18,75.833,Italian,Antonio Giovinazzi,Dutch Grand Prix,5415.0
38,18,76.157,Italian,Antonio Giovinazzi,Dutch Grand Prix,5416.0
39,18,76.042,Italian,Antonio Giovinazzi,Dutch Grand Prix,5836.0
40,17,76.158,Italian,Antonio Giovinazzi,Dutch Grand Prix,16938.0
41,17,76.375,Italian,Antonio Giovinazzi,Dutch Grand Prix,23057.0
42,17,76.85,Italian,Antonio Giovinazzi,Dutch Grand Prix,6105.0
43,17,76.91,Italian,Antonio Giovinazzi,Dutch Grand Prix,21770.0
44,16,76.851,Italian,Antonio Giovinazzi,Dutch Grand Prix,5833.0
45,16,76.159,Italian,Antonio Giovinazzi,Dutch Grand Prix,19568.0
46,16,75.942,Italian,Antonio Giovinazzi,Dutch Grand Prix,4008.0
47,16,75.954,Italian,Antonio Giovinazzi,Dutch Grand Prix,5864.0
48,15,76.138,Italian,Antonio Giovinazzi,Dutch Grand Prix,19267.0
49,15,78.645,Italian,Antonio Giovinazzi,Dutch Grand Prix,5521.0
50,15,76.191,Italian,Antonio Giovinazzi,Dutch Grand Prix,4776.0
51,15,76.756,Italian,Antonio Giovinazzi,Dutch Grand Prix,4592.0
52,15,78.226,Italian,Antonio Giovinazzi,Dutch Grand Prix,4715.0
53,15,77.444,Italian,Antonio Giovinazzi,Dutch Grand Prix,5312.0
54,15,77.131,Italian,Antonio Giovinazzi,Dutch Grand Prix,4633.0
55,15,76.634,Italian,Antonio Giovinazzi,Dutch Grand Prix,3405.0
56,15,77.898,Italian,Antonio Giovinazzi,Dutch Grand Prix,4243.0
57,15,78.375,Italian,Antonio Giovinazzi,Dutch Grand Prix,7007.0
58,14,75.529,Italian,Antonio Giovinazzi,Dutch Grand Prix,4540.0
59,14,75.447,Italian,Antonio Giovinazzi,Dutch Grand Prix,4616.0
60,14,75.244,Italian,Antonio Giovinazzi,Dutch Grand Prix,11889.0
61,14,75.495,Italian,Antonio Giovinazzi,Dutch Grand Prix,8204.0
62,15,76.965,Italian,Antonio Giovinazzi,Dutch Grand Prix,5468.0
63,15,75.784,Italian,Antonio Giovinazzi,Dutch Grand Prix,3882.0
64,15,75.347,Italian,Antonio Giovinazzi,Dutch Grand Prix,4356.0
65,15,75.554,Italian,Antonio Giovinazzi,Dutch Grand Prix,4257.0
66,15,75.125,Italian,Antonio Giovinazzi,Dutch Grand Prix,8417.0
67,15,75.279,Italian,Antonio Giovinazzi,Dutch Grand Prix,6883.0
68,15,75.498,Italian,Antonio Giovinazzi,Dutch Grand Prix,21613.0
69,14,75.991,Italian,Antonio Giovinazzi,Dutch Grand Prix,51838.0
70,14,75.343,Italian,Antonio Giovinazzi,Dutch Grand Prix,6327.0
1,11,86.802,British,George Russell,Dutch Grand Prix,19594.0
2,11,79.368,British,George Russell,Dutch Grand Prix,5314.0
3,11,77.818,British,George Russell,Dutch Grand Prix,5712.0
4,11,77.888,British,George Russell,Dutch Grand Prix,10462.0
5,11,78.014,British,George Russell,Dutch Grand Prix,37915.0
6,11,78.225,British,George Russell,Dutch Grand Prix,4462.0
7,11,77.873,British,George Russell,Dutch Grand Prix,5659.0
8,11,77.988,British,George Russell,Dutch Grand Prix,6463.0
9,11,78.223,British,George Russell,Dutch Grand Prix,18749.0
10,11,78.351,British,George Russell,Dutch Grand Prix,7195.0
11,11,78.558,British,George Russell,Dutch Grand Prix,19177.0
12,11,78.022,British,George Russell,Dutch Grand Prix,3635.0
13,11,77.696,British,George Russell,Dutch Grand Prix,4878.0
14,11,77.648,British,George Russell,Dutch Grand Prix,5709.0
15,11,77.85,British,George Russell,Dutch Grand Prix,3986.0
16,11,77.55,British,George Russell,Dutch Grand Prix,5421.0
17,11,77.502,British,George Russell,Dutch Grand Prix,3059.0
18,11,77.267,British,George Russell,Dutch Grand Prix,3055.0
19,11,77.447,British,George Russell,Dutch Grand Prix,3567.0
20,11,77.162,British,George Russell,Dutch Grand Prix,3871.0
21,11,76.709,British,George Russell,Dutch Grand Prix,17053.0
22,11,76.785,British,George Russell,Dutch Grand Prix,18817.0
23,11,76.555,British,George Russell,Dutch Grand Prix,6403.0
24,11,77.012,British,George Russell,Dutch Grand Prix,21196.0
25,11,77.251,British,George Russell,Dutch Grand Prix,18776.0
26,11,77.094,British,George Russell,Dutch Grand Prix,5540.0
27,11,79.487,British,George Russell,Dutch Grand Prix,6049.0
28,15,94.763,British,George Russell,Dutch Grand Prix,20189.0
29,15,76.599,British,George Russell,Dutch Grand Prix,2608.0
30,15,76.293,British,George Russell,Dutch Grand Prix,9775.0
31,15,77.716,British,George Russell,Dutch Grand Prix,26792.0
32,13,76.655,British,George Russell,Dutch Grand Prix,20936.0
33,12,77.535,British,George Russell,Dutch Grand Prix,6748.0
34,12,76.377,British,George Russell,Dutch Grand Prix,22496.0
35,12,76.349,British,George Russell,Dutch Grand Prix,20638.0
36,12,75.853,British,George Russell,Dutch Grand Prix,10396.0
37,12,75.929,British,George Russell,Dutch Grand Prix,5415.0
38,12,77.042,British,George Russell,Dutch Grand Prix,5416.0
39,12,78.298,British,George Russell,Dutch Grand Prix,5836.0
40,12,77.461,British,George Russell,Dutch Grand Prix,16938.0
41,12,77.179,British,George Russell,Dutch Grand Prix,23057.0
42,12,76.794,British,George Russell,Dutch Grand Prix,6105.0
43,12,77.544,British,George Russell,Dutch Grand Prix,21770.0
44,12,76.564,British,George Russell,Dutch Grand Prix,5833.0
45,12,76.279,British,George Russell,Dutch Grand Prix,19568.0
46,12,76.068,British,George Russell,Dutch Grand Prix,4008.0
47,12,76.057,British,George Russell,Dutch Grand Prix,5864.0
48,12,76.625,British,George Russell,Dutch Grand Prix,19267.0
49,12,76.7,British,George Russell,Dutch Grand Prix,5521.0
50,12,76.249,British,George Russell,Dutch Grand Prix,4776.0
51,12,75.821,British,George Russell,Dutch Grand Prix,4592.0
52,12,75.921,British,George Russell,Dutch Grand Prix,4715.0
53,12,75.81,British,George Russell,Dutch Grand Prix,5312.0
54,12,75.719,British,George Russell,Dutch Grand Prix,4633.0
55,12,75.809,British,George Russell,Dutch Grand Prix,3405.0
56,12,75.815,British,George Russell,Dutch Grand Prix,4243.0
57,12,75.628,British,George Russell,Dutch Grand Prix,7007.0
58,12,75.874,British,George Russell,Dutch Grand Prix,4540.0
59,12,76.087,British,George Russell,Dutch Grand Prix,4616.0
60,12,76.33,British,George Russell,Dutch Grand Prix,11889.0
61,12,76.305,British,George Russell,Dutch Grand Prix,8204.0
62,12,75.954,British,George Russell,Dutch Grand Prix,5468.0
63,12,76.432,British,George Russell,Dutch Grand Prix,3882.0
64,12,76.659,British,George Russell,Dutch Grand Prix,4356.0
65,12,76.732,British,George Russell,Dutch Grand Prix,4257.0
66,12,76.399,British,George Russell,Dutch Grand Prix,8417.0
67,12,79.711,British,George Russell,Dutch Grand Prix,6883.0
68,13,82.782,British,George Russell,Dutch Grand Prix,21613.0
69,17,124.387,British,George Russell,Dutch Grand Prix,51838.0
1,12,87.168,Canadian,Lance Stroll,Dutch Grand Prix,19594.0
2,12,79.48,Canadian,Lance Stroll,Dutch Grand Prix,5314.0
3,12,77.944,Canadian,Lance Stroll,Dutch Grand Prix,5712.0
4,12,77.787,Canadian,Lance Stroll,Dutch Grand Prix,10462.0
5,12,77.927,Canadian,Lance Stroll,Dutch Grand Prix,37915.0
6,12,78.432,Canadian,Lance Stroll,Dutch Grand Prix,4462.0
7,12,77.991,Canadian,Lance Stroll,Dutch Grand Prix,5659.0
8,12,77.947,Canadian,Lance Stroll,Dutch Grand Prix,6463.0
9,12,78.079,Canadian,Lance Stroll,Dutch Grand Prix,18749.0
10,12,78.353,Canadian,Lance Stroll,Dutch Grand Prix,7195.0
11,12,78.373,Canadian,Lance Stroll,Dutch Grand Prix,19177.0
12,12,78.202,Canadian,Lance Stroll,Dutch Grand Prix,3635.0
13,12,77.81,Canadian,Lance Stroll,Dutch Grand Prix,4878.0
14,12,77.599,Canadian,Lance Stroll,Dutch Grand Prix,5709.0
15,12,77.806,Canadian,Lance Stroll,Dutch Grand Prix,3986.0
16,12,77.698,Canadian,Lance Stroll,Dutch Grand Prix,5421.0
17,12,77.429,Canadian,Lance Stroll,Dutch Grand Prix,3059.0
18,12,77.275,Canadian,Lance Stroll,Dutch Grand Prix,3055.0
19,12,77.597,Canadian,Lance Stroll,Dutch Grand Prix,3567.0
20,12,77.236,Canadian,Lance Stroll,Dutch Grand Prix,3871.0
21,12,76.884,Canadian,Lance Stroll,Dutch Grand Prix,17053.0
22,12,76.809,Canadian,Lance Stroll,Dutch Grand Prix,18817.0
23,12,76.875,Canadian,Lance Stroll,Dutch Grand Prix,6403.0
24,12,76.902,Canadian,Lance Stroll,Dutch Grand Prix,21196.0
25,12,77.252,Canadian,Lance Stroll,Dutch Grand Prix,18776.0
26,12,77.772,Canadian,Lance Stroll,Dutch Grand Prix,5540.0
27,14,79.91,Canadian,Lance Stroll,Dutch Grand Prix,6049.0
28,16,94.573,Canadian,Lance Stroll,Dutch Grand Prix,20189.0
29,16,76.082,Canadian,Lance Stroll,Dutch Grand Prix,2608.0
30,16,75.935,Canadian,Lance Stroll,Dutch Grand Prix,9775.0
31,16,77.049,Canadian,Lance Stroll,Dutch Grand Prix,26792.0
32,15,78.694,Canadian,Lance Stroll,Dutch Grand Prix,20936.0
33,13,75.902,Canadian,Lance Stroll,Dutch Grand Prix,6748.0
34,13,76.279,Canadian,Lance Stroll,Dutch Grand Prix,22496.0
35,13,76.239,Canadian,Lance Stroll,Dutch Grand Prix,20638.0
36,13,76.044,Canadian,Lance Stroll,Dutch Grand Prix,10396.0
37,13,75.974,Canadian,Lance Stroll,Dutch Grand Prix,5415.0
38,13,76.681,Canadian,Lance Stroll,Dutch Grand Prix,5416.0
39,13,78.278,Canadian,Lance Stroll,Dutch Grand Prix,5836.0
40,13,77.417,Canadian,Lance Stroll,Dutch Grand Prix,16938.0
41,13,77.07,Canadian,Lance Stroll,Dutch Grand Prix,23057.0
42,13,76.812,Canadian,Lance Stroll,Dutch Grand Prix,6105.0
43,13,77.68,Canadian,Lance Stroll,Dutch Grand Prix,21770.0
44,13,76.613,Canadian,Lance Stroll,Dutch Grand Prix,5833.0
45,13,76.288,Canadian,Lance Stroll,Dutch Grand Prix,19568.0
46,13,76.128,Canadian,Lance Stroll,Dutch Grand Prix,4008.0
47,13,75.981,Canadian,Lance Stroll,Dutch Grand Prix,5864.0
48,13,76.658,Canadian,Lance Stroll,Dutch Grand Prix,19267.0
49,13,76.543,Canadian,Lance Stroll,Dutch Grand Prix,5521.0
50,13,76.284,Canadian,Lance Stroll,Dutch Grand Prix,4776.0
51,13,75.995,Canadian,Lance Stroll,Dutch Grand Prix,4592.0
52,13,75.918,Canadian,Lance Stroll,Dutch Grand Prix,4715.0
53,13,75.747,Canadian,Lance Stroll,Dutch Grand Prix,5312.0
54,13,75.661,Canadian,Lance Stroll,Dutch Grand Prix,4633.0
55,13,75.834,Canadian,Lance Stroll,Dutch Grand Prix,3405.0
56,13,75.8,Canadian,Lance Stroll,Dutch Grand Prix,4243.0
57,13,75.611,Canadian,Lance Stroll,Dutch Grand Prix,7007.0
58,13,75.794,Canadian,Lance Stroll,Dutch Grand Prix,4540.0
59,13,76.108,Canadian,Lance Stroll,Dutch Grand Prix,4616.0
60,13,76.354,Canadian,Lance Stroll,Dutch Grand Prix,11889.0
61,13,76.294,Canadian,Lance Stroll,Dutch Grand Prix,8204.0
62,13,76.051,Canadian,Lance Stroll,Dutch Grand Prix,5468.0
63,13,76.368,Canadian,Lance Stroll,Dutch Grand Prix,3882.0
64,13,76.523,Canadian,Lance Stroll,Dutch Grand Prix,4356.0
65,13,77.436,Canadian,Lance Stroll,Dutch Grand Prix,4257.0
66,13,80.618,Canadian,Lance Stroll,Dutch Grand Prix,8417.0
67,13,76.765,Canadian,Lance Stroll,Dutch Grand Prix,6883.0
68,12,77.687,Canadian,Lance Stroll,Dutch Grand Prix,21613.0
69,12,78.231,Canadian,Lance Stroll,Dutch Grand Prix,51838.0
70,12,76.181,Canadian,Lance Stroll,Dutch Grand Prix,6327.0
1,13,87.415,British,Lando Norris,Dutch Grand Prix,19594.0
2,13,79.679,British,Lando Norris,Dutch Grand Prix,5314.0
3,13,78.278,British,Lando Norris,Dutch Grand Prix,5712.0
4,13,78.073,British,Lando Norris,Dutch Grand Prix,10462.0
5,13,77.697,British,Lando Norris,Dutch Grand Prix,37915.0
6,13,78.241,British,Lando Norris,Dutch Grand Prix,4462.0
7,13,78.185,British,Lando Norris,Dutch Grand Prix,5659.0
8,13,77.957,British,Lando Norris,Dutch Grand Prix,6463.0
9,13,78.531,British,Lando Norris,Dutch Grand Prix,18749.0
10,13,78.297,British,Lando Norris,Dutch Grand Prix,7195.0
11,13,78.186,British,Lando Norris,Dutch Grand Prix,19177.0
12,13,78.15,British,Lando Norris,Dutch Grand Prix,3635.0
13,13,77.95,British,Lando Norris,Dutch Grand Prix,4878.0
14,13,77.903,British,Lando Norris,Dutch Grand Prix,5709.0
15,13,77.68,British,Lando Norris,Dutch Grand Prix,3986.0
16,13,77.475,British,Lando Norris,Dutch Grand Prix,5421.0
17,13,77.592,British,Lando Norris,Dutch Grand Prix,3059.0
18,13,77.337,British,Lando Norris,Dutch Grand Prix,3055.0
19,13,77.416,British,Lando Norris,Dutch Grand Prix,3567.0
20,13,77.398,British,Lando Norris,Dutch Grand Prix,3871.0
21,13,76.927,British,Lando Norris,Dutch Grand Prix,17053.0
22,13,76.81,British,Lando Norris,Dutch Grand Prix,18817.0
23,13,76.862,British,Lando Norris,Dutch Grand Prix,6403.0
24,13,76.767,British,Lando Norris,Dutch Grand Prix,21196.0
25,13,76.791,British,Lando Norris,Dutch Grand Prix,18776.0
26,13,77.564,British,Lando Norris,Dutch Grand Prix,5540.0
27,12,77.321,British,Lando Norris,Dutch Grand Prix,6049.0
28,10,76.363,British,Lando Norris,Dutch Grand Prix,20189.0
29,10,76.28,British,Lando Norris,Dutch Grand Prix,2608.0
30,10,76.217,British,Lando Norris,Dutch Grand Prix,9775.0
31,9,76.158,British,Lando Norris,Dutch Grand Prix,26792.0
32,8,76.457,British,Lando Norris,Dutch Grand Prix,20936.0
33,8,76.424,British,Lando Norris,Dutch Grand Prix,6748.0
34,7,76.312,British,Lando Norris,Dutch Grand Prix,22496.0
35,7,76.175,British,Lando Norris,Dutch Grand Prix,20638.0
36,7,76.305,British,Lando Norris,Dutch Grand Prix,10396.0
37,7,76.206,British,Lando Norris,Dutch Grand Prix,5415.0
38,7,79.628,British,Lando Norris,Dutch Grand Prix,5416.0
39,7,76.366,British,Lando Norris,Dutch Grand Prix,5836.0
40,7,76.313,British,Lando Norris,Dutch Grand Prix,16938.0
41,7,76.293,British,Lando Norris,Dutch Grand Prix,23057.0
42,8,79.533,British,Lando Norris,Dutch Grand Prix,6105.0
43,11,95.25,British,Lando Norris,Dutch Grand Prix,21770.0
44,11,74.686,British,Lando Norris,Dutch Grand Prix,5833.0
45,10,74.6,British,Lando Norris,Dutch Grand Prix,19568.0
46,10,74.379,British,Lando Norris,Dutch Grand Prix,4008.0
47,10,74.459,British,Lando Norris,Dutch Grand Prix,5864.0
48,9,74.236,British,Lando Norris,Dutch Grand Prix,19267.0
49,9,74.278,British,Lando Norris,Dutch Grand Prix,5521.0
50,9,74.384,British,Lando Norris,Dutch Grand Prix,4776.0
51,9,74.482,British,Lando Norris,Dutch Grand Prix,4592.0
52,9,74.67,British,Lando Norris,Dutch Grand Prix,4715.0
53,9,75.033,British,Lando Norris,Dutch Grand Prix,5312.0
54,9,74.752,British,Lando Norris,Dutch Grand Prix,4633.0
55,9,74.538,British,Lando Norris,Dutch Grand Prix,3405.0
56,9,74.805,British,Lando Norris,Dutch Grand Prix,4243.0
57,9,74.897,British,Lando Norris,Dutch Grand Prix,7007.0
58,9,75.269,British,Lando Norris,Dutch Grand Prix,4540.0
59,9,75.157,British,Lando Norris,Dutch Grand Prix,4616.0
60,9,75.074,British,Lando Norris,Dutch Grand Prix,11889.0
61,9,74.967,British,Lando Norris,Dutch Grand Prix,8204.0
62,9,75.24,British,Lando Norris,Dutch Grand Prix,5468.0
63,9,74.928,British,Lando Norris,Dutch Grand Prix,3882.0
64,9,75.108,British,Lando Norris,Dutch Grand Prix,4356.0
65,10,77.865,British,Lando Norris,Dutch Grand Prix,4257.0
66,10,75.694,British,Lando Norris,Dutch Grand Prix,8417.0
67,10,76.019,British,Lando Norris,Dutch Grand Prix,6883.0
68,10,76.381,British,Lando Norris,Dutch Grand Prix,21613.0
69,10,75.616,British,Lando Norris,Dutch Grand Prix,51838.0
70,10,75.261,British,Lando Norris,Dutch Grand Prix,6327.0
71,10,76.185,British,Lando Norris,Dutch Grand Prix,18679.0
1,14,87.952,Japanese,Yuki Tsunoda,Dutch Grand Prix,19594.0
2,14,79.733,Japanese,Yuki Tsunoda,Dutch Grand Prix,5314.0
3,14,78.452,Japanese,Yuki Tsunoda,Dutch Grand Prix,5712.0
4,14,78.017,Japanese,Yuki Tsunoda,Dutch Grand Prix,10462.0
5,14,77.728,Japanese,Yuki Tsunoda,Dutch Grand Prix,37915.0
6,14,78.11,Japanese,Yuki Tsunoda,Dutch Grand Prix,4462.0
7,14,78.488,Japanese,Yuki Tsunoda,Dutch Grand Prix,5659.0
8,14,78.082,Japanese,Yuki Tsunoda,Dutch Grand Prix,6463.0
9,14,78.538,Japanese,Yuki Tsunoda,Dutch Grand Prix,18749.0
10,14,78.327,Japanese,Yuki Tsunoda,Dutch Grand Prix,7195.0
11,14,78.483,Japanese,Yuki Tsunoda,Dutch Grand Prix,19177.0
12,14,78.077,Japanese,Yuki Tsunoda,Dutch Grand Prix,3635.0
13,14,77.999,Japanese,Yuki Tsunoda,Dutch Grand Prix,4878.0
14,14,77.877,Japanese,Yuki Tsunoda,Dutch Grand Prix,5709.0
15,14,77.738,Japanese,Yuki Tsunoda,Dutch Grand Prix,3986.0
16,14,77.81,Japanese,Yuki Tsunoda,Dutch Grand Prix,5421.0
17,14,77.625,Japanese,Yuki Tsunoda,Dutch Grand Prix,3059.0
18,14,77.487,Japanese,Yuki Tsunoda,Dutch Grand Prix,3055.0
19,14,77.239,Japanese,Yuki Tsunoda,Dutch Grand Prix,3567.0
20,14,77.325,Japanese,Yuki Tsunoda,Dutch Grand Prix,3871.0
21,14,76.948,Japanese,Yuki Tsunoda,Dutch Grand Prix,17053.0
22,14,76.909,Japanese,Yuki Tsunoda,Dutch Grand Prix,18817.0
23,15,78.227,Japanese,Yuki Tsunoda,Dutch Grand Prix,6403.0
24,15,77.548,Japanese,Yuki Tsunoda,Dutch Grand Prix,21196.0
25,15,77.169,Japanese,Yuki Tsunoda,Dutch Grand Prix,18776.0
26,15,77.218,Japanese,Yuki Tsunoda,Dutch Grand Prix,5540.0
27,15,77.178,Japanese,Yuki Tsunoda,Dutch Grand Prix,6049.0
28,12,77.023,Japanese,Yuki Tsunoda,Dutch Grand Prix,20189.0
29,12,77.206,Japanese,Yuki Tsunoda,Dutch Grand Prix,2608.0
30,12,77.154,Japanese,Yuki Tsunoda,Dutch Grand Prix,9775.0
31,11,80.565,Japanese,Yuki Tsunoda,Dutch Grand Prix,26792.0
32,17,95.553,Japanese,Yuki Tsunoda,Dutch Grand Prix,20936.0
33,17,76.285,Japanese,Yuki Tsunoda,Dutch Grand Prix,6748.0
34,16,76.612,Japanese,Yuki Tsunoda,Dutch Grand Prix,22496.0
35,16,77.794,Japanese,Yuki Tsunoda,Dutch Grand Prix,20638.0
36,15,77.048,Japanese,Yuki Tsunoda,Dutch Grand Prix,10396.0
37,15,76.635,Japanese,Yuki Tsunoda,Dutch Grand Prix,5415.0
38,15,77.323,Japanese,Yuki Tsunoda,Dutch Grand Prix,5416.0
39,14,76.831,Japanese,Yuki Tsunoda,Dutch Grand Prix,5836.0
40,14,76.509,Japanese,Yuki Tsunoda,Dutch Grand Prix,16938.0
41,14,76.438,Japanese,Yuki Tsunoda,Dutch Grand Prix,23057.0
42,14,76.371,Japanese,Yuki Tsunoda,Dutch Grand Prix,6105.0
43,14,76.004,Japanese,Yuki Tsunoda,Dutch Grand Prix,21770.0
44,14,75.783,Japanese,Yuki Tsunoda,Dutch Grand Prix,5833.0
45,14,76.101,Japanese,Yuki Tsunoda,Dutch Grand Prix,19568.0
46,14,76.089,Japanese,Yuki Tsunoda,Dutch Grand Prix,4008.0
47,14,76.134,Japanese,Yuki Tsunoda,Dutch Grand Prix,5864.0
48,16,88.936,Japanese,Yuki Tsunoda,Dutch Grand Prix,19267.0
1,15,88.261,German,Sebastian Vettel,Dutch Grand Prix,19594.0
2,15,79.832,German,Sebastian Vettel,Dutch Grand Prix,5314.0
3,15,78.565,German,Sebastian Vettel,Dutch Grand Prix,5712.0
4,15,78.322,German,Sebastian Vettel,Dutch Grand Prix,10462.0
5,15,78.01,German,Sebastian Vettel,Dutch Grand Prix,37915.0
6,15,78.529,German,Sebastian Vettel,Dutch Grand Prix,4462.0
7,15,78.106,German,Sebastian Vettel,Dutch Grand Prix,5659.0
8,15,77.806,German,Sebastian Vettel,Dutch Grand Prix,6463.0
9,15,78.778,German,Sebastian Vettel,Dutch Grand Prix,18749.0
10,16,81.791,German,Sebastian Vettel,Dutch Grand Prix,7195.0
11,19,93.905,German,Sebastian Vettel,Dutch Grand Prix,19177.0
12,19,76.404,German,Sebastian Vettel,Dutch Grand Prix,3635.0
13,19,76.742,German,Sebastian Vettel,Dutch Grand Prix,4878.0
14,19,76.372,German,Sebastian Vettel,Dutch Grand Prix,5709.0
15,19,76.587,German,Sebastian Vettel,Dutch Grand Prix,3986.0
16,19,76.508,German,Sebastian Vettel,Dutch Grand Prix,5421.0
17,19,76.863,German,Sebastian Vettel,Dutch Grand Prix,3059.0
18,19,76.939,German,Sebastian Vettel,Dutch Grand Prix,3055.0
19,19,78.902,German,Sebastian Vettel,Dutch Grand Prix,3567.0
20,19,77.795,German,Sebastian Vettel,Dutch Grand Prix,3871.0
21,19,78.365,German,Sebastian Vettel,Dutch Grand Prix,17053.0
22,19,77.281,German,Sebastian Vettel,Dutch Grand Prix,18817.0
23,19,79.398,German,Sebastian Vettel,Dutch Grand Prix,6403.0
24,17,77.92,German,Sebastian Vettel,Dutch Grand Prix,21196.0
25,17,77.756,German,Sebastian Vettel,Dutch Grand Prix,18776.0
26,17,78.329,German,Sebastian Vettel,Dutch Grand Prix,5540.0
27,17,76.812,German,Sebastian Vettel,Dutch Grand Prix,6049.0
28,17,76.888,German,Sebastian Vettel,Dutch Grand Prix,20189.0
29,17,76.695,German,Sebastian Vettel,Dutch Grand Prix,2608.0
30,17,76.583,German,Sebastian Vettel,Dutch Grand Prix,9775.0
31,17,76.594,German,Sebastian Vettel,Dutch Grand Prix,26792.0
32,16,77.159,German,Sebastian Vettel,Dutch Grand Prix,20936.0
33,16,77.219,German,Sebastian Vettel,Dutch Grand Prix,6748.0
34,15,77.641,German,Sebastian Vettel,Dutch Grand Prix,22496.0
35,15,77.46,German,Sebastian Vettel,Dutch Grand Prix,20638.0
36,17,85.111,German,Sebastian Vettel,Dutch Grand Prix,10396.0
37,17,76.944,German,Sebastian Vettel,Dutch Grand Prix,5415.0
38,17,76.661,German,Sebastian Vettel,Dutch Grand Prix,5416.0
39,17,76.94,German,Sebastian Vettel,Dutch Grand Prix,5836.0
40,16,77.681,German,Sebastian Vettel,Dutch Grand Prix,16938.0
41,16,77.222,German,Sebastian Vettel,Dutch Grand Prix,23057.0
42,16,77.094,German,Sebastian Vettel,Dutch Grand Prix,6105.0
43,16,76.625,German,Sebastian Vettel,Dutch Grand Prix,21770.0
44,17,79.511,German,Sebastian Vettel,Dutch Grand Prix,5833.0
45,18,93.4,German,Sebastian Vettel,Dutch Grand Prix,19568.0
46,18,75.206,German,Sebastian Vettel,Dutch Grand Prix,4008.0
47,18,75.089,German,Sebastian Vettel,Dutch Grand Prix,5864.0
48,18,75.927,German,Sebastian Vettel,Dutch Grand Prix,19267.0
49,17,75.909,German,Sebastian Vettel,Dutch Grand Prix,5521.0
50,17,75.826,German,Sebastian Vettel,Dutch Grand Prix,4776.0
51,17,75.655,German,Sebastian Vettel,Dutch Grand Prix,4592.0
52,17,76.353,German,Sebastian Vettel,Dutch Grand Prix,4715.0
53,17,78.183,German,Sebastian Vettel,Dutch Grand Prix,5312.0
54,17,76.365,German,Sebastian Vettel,Dutch Grand Prix,4633.0
55,16,75.242,German,Sebastian Vettel,Dutch Grand Prix,3405.0
56,16,74.638,German,Sebastian Vettel,Dutch Grand Prix,4243.0
57,16,74.709,German,Sebastian Vettel,Dutch Grand Prix,7007.0
58,16,74.985,German,Sebastian Vettel,Dutch Grand Prix,4540.0
59,15,74.436,German,Sebastian Vettel,Dutch Grand Prix,4616.0
60,15,74.484,German,Sebastian Vettel,Dutch Grand Prix,11889.0
61,15,75.131,German,Sebastian Vettel,Dutch Grand Prix,8204.0
62,14,74.509,German,Sebastian Vettel,Dutch Grand Prix,5468.0
63,14,73.958,German,Sebastian Vettel,Dutch Grand Prix,3882.0
64,14,73.998,German,Sebastian Vettel,Dutch Grand Prix,4356.0
65,14,74.261,German,Sebastian Vettel,Dutch Grand Prix,4257.0
66,14,73.958,German,Sebastian Vettel,Dutch Grand Prix,8417.0
67,14,74.026,German,Sebastian Vettel,Dutch Grand Prix,6883.0
68,14,74.155,German,Sebastian Vettel,Dutch Grand Prix,21613.0
69,13,75.357,German,Sebastian Vettel,Dutch Grand Prix,51838.0
70,13,78.275,German,Sebastian Vettel,Dutch Grand Prix,6327.0
1,16,89.108,Polish,Robert Kubica,Dutch Grand Prix,19594.0
2,16,79.629,Polish,Robert Kubica,Dutch Grand Prix,5314.0
3,16,79.283,Polish,Robert Kubica,Dutch Grand Prix,5712.0
4,16,78.504,Polish,Robert Kubica,Dutch Grand Prix,10462.0
5,16,78.411,Polish,Robert Kubica,Dutch Grand Prix,37915.0
6,16,78.229,Polish,Robert Kubica,Dutch Grand Prix,4462.0
7,16,78.301,Polish,Robert Kubica,Dutch Grand Prix,5659.0
8,16,78.032,Polish,Robert Kubica,Dutch Grand Prix,6463.0
9,16,78.429,Polish,Robert Kubica,Dutch Grand Prix,18749.0
10,15,78.382,Polish,Robert Kubica,Dutch Grand Prix,7195.0
11,15,78.491,Polish,Robert Kubica,Dutch Grand Prix,19177.0
12,15,77.996,Polish,Robert Kubica,Dutch Grand Prix,3635.0
13,15,77.906,Polish,Robert Kubica,Dutch Grand Prix,4878.0
14,15,77.921,Polish,Robert Kubica,Dutch Grand Prix,5709.0
15,15,77.815,Polish,Robert Kubica,Dutch Grand Prix,3986.0
16,15,77.595,Polish,Robert Kubica,Dutch Grand Prix,5421.0
17,15,77.918,Polish,Robert Kubica,Dutch Grand Prix,3059.0
18,15,77.836,Polish,Robert Kubica,Dutch Grand Prix,3055.0
19,15,77.909,Polish,Robert Kubica,Dutch Grand Prix,3567.0
20,16,78.768,Polish,Robert Kubica,Dutch Grand Prix,3871.0
21,16,77.344,Polish,Robert Kubica,Dutch Grand Prix,17053.0
22,16,77.534,Polish,Robert Kubica,Dutch Grand Prix,18817.0
23,16,77.841,Polish,Robert Kubica,Dutch Grand Prix,6403.0
24,16,77.746,Polish,Robert Kubica,Dutch Grand Prix,21196.0
25,16,77.602,Polish,Robert Kubica,Dutch Grand Prix,18776.0
26,16,77.029,Polish,Robert Kubica,Dutch Grand Prix,5540.0
27,16,77.083,Polish,Robert Kubica,Dutch Grand Prix,6049.0
28,13,77.313,Polish,Robert Kubica,Dutch Grand Prix,20189.0
29,13,77.456,Polish,Robert Kubica,Dutch Grand Prix,2608.0
30,13,79.589,Polish,Robert Kubica,Dutch Grand Prix,9775.0
31,14,80.321,Polish,Robert Kubica,Dutch Grand Prix,26792.0
32,14,79.35,Polish,Robert Kubica,Dutch Grand Prix,20936.0
33,15,78.756,Polish,Robert Kubica,Dutch Grand Prix,6748.0
34,14,77.736,Polish,Robert Kubica,Dutch Grand Prix,22496.0
35,14,77.541,Polish,Robert Kubica,Dutch Grand Prix,20638.0
36,14,77.77,Polish,Robert Kubica,Dutch Grand Prix,10396.0
37,14,78.601,Polish,Robert Kubica,Dutch Grand Prix,5415.0
38,14,78.171,Polish,Robert Kubica,Dutch Grand Prix,5416.0
39,15,79.757,Polish,Robert Kubica,Dutch Grand Prix,5836.0
40,18,81.745,Polish,Robert Kubica,Dutch Grand Prix,16938.0
41,18,96.349,Polish,Robert Kubica,Dutch Grand Prix,23057.0
42,18,75.867,Polish,Robert Kubica,Dutch Grand Prix,6105.0
43,18,75.976,Polish,Robert Kubica,Dutch Grand Prix,21770.0
44,18,75.442,Polish,Robert Kubica,Dutch Grand Prix,5833.0
45,17,75.78,Polish,Robert Kubica,Dutch Grand Prix,19568.0
46,17,76.097,Polish,Robert Kubica,Dutch Grand Prix,4008.0
47,17,75.829,Polish,Robert Kubica,Dutch Grand Prix,5864.0
48,17,76.037,Polish,Robert Kubica,Dutch Grand Prix,19267.0
49,16,75.992,Polish,Robert Kubica,Dutch Grand Prix,5521.0
50,16,75.845,Polish,Robert Kubica,Dutch Grand Prix,4776.0
51,16,75.697,Polish,Robert Kubica,Dutch Grand Prix,4592.0
52,16,76.253,Polish,Robert Kubica,Dutch Grand Prix,4715.0
53,16,77.347,Polish,Robert Kubica,Dutch Grand Prix,5312.0
54,16,77.426,Polish,Robert Kubica,Dutch Grand Prix,4633.0
55,17,77.461,Polish,Robert Kubica,Dutch Grand Prix,3405.0
56,17,75.919,Polish,Robert Kubica,Dutch Grand Prix,4243.0
57,17,76.083,Polish,Robert Kubica,Dutch Grand Prix,7007.0
58,17,75.762,Polish,Robert Kubica,Dutch Grand Prix,4540.0
59,17,75.844,Polish,Robert Kubica,Dutch Grand Prix,4616.0
60,17,76.307,Polish,Robert Kubica,Dutch Grand Prix,11889.0
61,17,75.703,Polish,Robert Kubica,Dutch Grand Prix,8204.0
62,17,75.758,Polish,Robert Kubica,Dutch Grand Prix,5468.0
63,17,77.593,Polish,Robert Kubica,Dutch Grand Prix,3882.0
64,17,76.894,Polish,Robert Kubica,Dutch Grand Prix,4356.0
65,17,77.776,Polish,Robert Kubica,Dutch Grand Prix,4257.0
66,17,81.956,Polish,Robert Kubica,Dutch Grand Prix,8417.0
67,17,79.563,Polish,Robert Kubica,Dutch Grand Prix,6883.0
68,17,78.11,Polish,Robert Kubica,Dutch Grand Prix,21613.0
69,16,78.626,Polish,Robert Kubica,Dutch Grand Prix,51838.0
70,15,77.813,Polish,Robert Kubica,Dutch Grand Prix,6327.0
1,17,89.556,Russian,Nikita Mazepin,Dutch Grand Prix,19594.0
2,17,79.826,Russian,Nikita Mazepin,Dutch Grand Prix,5314.0
3,17,79.416,Russian,Nikita Mazepin,Dutch Grand Prix,5712.0
4,17,78.921,Russian,Nikita Mazepin,Dutch Grand Prix,10462.0
5,17,78.453,Russian,Nikita Mazepin,Dutch Grand Prix,37915.0
6,17,78.665,Russian,Nikita Mazepin,Dutch Grand Prix,4462.0
7,17,78.251,Russian,Nikita Mazepin,Dutch Grand Prix,5659.0
8,17,78.196,Russian,Nikita Mazepin,Dutch Grand Prix,6463.0
9,17,78.398,Russian,Nikita Mazepin,Dutch Grand Prix,18749.0
10,17,78.485,Russian,Nikita Mazepin,Dutch Grand Prix,7195.0
11,16,78.518,Russian,Nikita Mazepin,Dutch Grand Prix,19177.0
12,16,78.552,Russian,Nikita Mazepin,Dutch Grand Prix,3635.0
13,17,79.94,Russian,Nikita Mazepin,Dutch Grand Prix,4878.0
14,17,78.487,Russian,Nikita Mazepin,Dutch Grand Prix,5709.0
15,18,79.124,Russian,Nikita Mazepin,Dutch Grand Prix,3986.0
16,18,78.397,Russian,Nikita Mazepin,Dutch Grand Prix,5421.0
17,18,78.156,Russian,Nikita Mazepin,Dutch Grand Prix,3059.0
18,18,78.107,Russian,Nikita Mazepin,Dutch Grand Prix,3055.0
19,18,79.186,Russian,Nikita Mazepin,Dutch Grand Prix,3567.0
20,18,78.023,Russian,Nikita Mazepin,Dutch Grand Prix,3871.0
21,18,77.952,Russian,Nikita Mazepin,Dutch Grand Prix,17053.0
22,18,77.68,Russian,Nikita Mazepin,Dutch Grand Prix,18817.0
23,18,77.845,Russian,Nikita Mazepin,Dutch Grand Prix,6403.0
24,18,80.891,Russian,Nikita Mazepin,Dutch Grand Prix,21196.0
25,18,81.085,Russian,Nikita Mazepin,Dutch Grand Prix,18776.0
26,18,77.661,Russian,Nikita Mazepin,Dutch Grand Prix,5540.0
27,18,77.605,Russian,Nikita Mazepin,Dutch Grand Prix,6049.0
28,18,77.82,Russian,Nikita Mazepin,Dutch Grand Prix,20189.0
29,18,77.83,Russian,Nikita Mazepin,Dutch Grand Prix,2608.0
30,19,79.159,Russian,Nikita Mazepin,Dutch Grand Prix,9775.0
31,19,78.649,Russian,Nikita Mazepin,Dutch Grand Prix,26792.0
32,19,78.753,Russian,Nikita Mazepin,Dutch Grand Prix,20936.0
33,19,80.999,Russian,Nikita Mazepin,Dutch Grand Prix,6748.0
34,19,96.521,Russian,Nikita Mazepin,Dutch Grand Prix,22496.0
35,19,76.066,Russian,Nikita Mazepin,Dutch Grand Prix,20638.0
36,19,76.145,Russian,Nikita Mazepin,Dutch Grand Prix,10396.0
37,19,78.748,Russian,Nikita Mazepin,Dutch Grand Prix,5415.0
38,19,76.314,Russian,Nikita Mazepin,Dutch Grand Prix,5416.0
39,19,76.558,Russian,Nikita Mazepin,Dutch Grand Prix,5836.0
40,19,77.635,Russian,Nikita Mazepin,Dutch Grand Prix,16938.0
41,19,80.779,Russian,Nikita Mazepin,Dutch Grand Prix,23057.0
1,18,89.661,German,Mick Schumacher,Dutch Grand Prix,19594.0
2,18,80.292,German,Mick Schumacher,Dutch Grand Prix,5314.0
3,18,80.525,German,Mick Schumacher,Dutch Grand Prix,5712.0
4,20,85.287,German,Mick Schumacher,Dutch Grand Prix,10462.0
5,20,112.797,German,Mick Schumacher,Dutch Grand Prix,37915.0
6,20,77.21,German,Mick Schumacher,Dutch Grand Prix,4462.0
7,20,80.767,German,Mick Schumacher,Dutch Grand Prix,5659.0
8,20,79.237,German,Mick Schumacher,Dutch Grand Prix,6463.0
9,20,78.132,German,Mick Schumacher,Dutch Grand Prix,18749.0
10,20,78.011,German,Mick Schumacher,Dutch Grand Prix,7195.0
11,20,78.095,German,Mick Schumacher,Dutch Grand Prix,19177.0
12,20,77.855,German,Mick Schumacher,Dutch Grand Prix,3635.0
13,20,79.576,German,Mick Schumacher,Dutch Grand Prix,4878.0
14,20,80.768,German,Mick Schumacher,Dutch Grand Prix,5709.0
15,20,78.439,German,Mick Schumacher,Dutch Grand Prix,3986.0
16,20,80.582,German,Mick Schumacher,Dutch Grand Prix,5421.0
17,20,78.477,German,Mick Schumacher,Dutch Grand Prix,3059.0
18,20,78.258,German,Mick Schumacher,Dutch Grand Prix,3055.0
19,20,78.108,German,Mick Schumacher,Dutch Grand Prix,3567.0
20,20,78.375,German,Mick Schumacher,Dutch Grand Prix,3871.0
21,20,79.666,German,Mick Schumacher,Dutch Grand Prix,17053.0
22,20,77.656,German,Mick Schumacher,Dutch Grand Prix,18817.0
23,20,80.4,German,Mick Schumacher,Dutch Grand Prix,6403.0
24,20,82.129,German,Mick Schumacher,Dutch Grand Prix,21196.0
25,20,83.938,German,Mick Schumacher,Dutch Grand Prix,18776.0
26,20,80.467,German,Mick Schumacher,Dutch Grand Prix,5540.0
27,20,77.82,German,Mick Schumacher,Dutch Grand Prix,6049.0
28,20,77.886,German,Mick Schumacher,Dutch Grand Prix,20189.0
29,20,77.621,German,Mick Schumacher,Dutch Grand Prix,2608.0
30,20,84.301,German,Mick Schumacher,Dutch Grand Prix,9775.0
31,20,101.926,German,Mick Schumacher,Dutch Grand Prix,26792.0
32,20,76.469,German,Mick Schumacher,Dutch Grand Prix,20936.0
33,20,77.098,German,Mick Schumacher,Dutch Grand Prix,6748.0
34,20,76.358,German,Mick Schumacher,Dutch Grand Prix,22496.0
35,20,76.731,German,Mick Schumacher,Dutch Grand Prix,20638.0
36,20,75.927,German,Mick Schumacher,Dutch Grand Prix,10396.0
37,20,76.228,German,Mick Schumacher,Dutch Grand Prix,5415.0
38,20,75.949,German,Mick Schumacher,Dutch Grand Prix,5416.0
39,20,76.107,German,Mick Schumacher,Dutch Grand Prix,5836.0
40,20,76.571,German,Mick Schumacher,Dutch Grand Prix,16938.0
41,20,77.039,German,Mick Schumacher,Dutch Grand Prix,23057.0
42,19,76.656,German,Mick Schumacher,Dutch Grand Prix,6105.0
43,19,76.834,German,Mick Schumacher,Dutch Grand Prix,21770.0
44,19,79.079,German,Mick Schumacher,Dutch Grand Prix,5833.0
45,19,76.145,German,Mick Schumacher,Dutch Grand Prix,19568.0
46,19,76.256,German,Mick Schumacher,Dutch Grand Prix,4008.0
47,19,78.505,German,Mick Schumacher,Dutch Grand Prix,5864.0
48,19,77.316,German,Mick Schumacher,Dutch Grand Prix,19267.0
49,18,76.698,German,Mick Schumacher,Dutch Grand Prix,5521.0
50,18,76.742,German,Mick Schumacher,Dutch Grand Prix,4776.0
51,18,76.293,German,Mick Schumacher,Dutch Grand Prix,4592.0
52,18,76.158,German,Mick Schumacher,Dutch Grand Prix,4715.0
53,18,76.219,German,Mick Schumacher,Dutch Grand Prix,5312.0
54,18,78.316,German,Mick Schumacher,Dutch Grand Prix,4633.0
55,18,76.82,German,Mick Schumacher,Dutch Grand Prix,3405.0
56,18,78.008,German,Mick Schumacher,Dutch Grand Prix,4243.0
57,18,76.66,German,Mick Schumacher,Dutch Grand Prix,7007.0
58,18,76.602,German,Mick Schumacher,Dutch Grand Prix,4540.0
59,18,76.652,German,Mick Schumacher,Dutch Grand Prix,4616.0
60,18,85.164,German,Mick Schumacher,Dutch Grand Prix,11889.0
61,18,81.596,German,Mick Schumacher,Dutch Grand Prix,8204.0
62,18,76.974,German,Mick Schumacher,Dutch Grand Prix,5468.0
63,18,76.86,German,Mick Schumacher,Dutch Grand Prix,3882.0
64,18,77.167,German,Mick Schumacher,Dutch Grand Prix,4356.0
65,18,76.508,German,Mick Schumacher,Dutch Grand Prix,4257.0
66,18,76.208,German,Mick Schumacher,Dutch Grand Prix,8417.0
67,18,78.165,German,Mick Schumacher,Dutch Grand Prix,6883.0
68,18,77.131,German,Mick Schumacher,Dutch Grand Prix,21613.0
69,18,77.725,German,Mick Schumacher,Dutch Grand Prix,51838.0
1,19,96.074,Mexican,Sergio Prez,Dutch Grand Prix,19594.0
2,19,76.649,Mexican,Sergio Prez,Dutch Grand Prix,5314.0
3,19,77.812,Mexican,Sergio Prez,Dutch Grand Prix,5712.0
4,18,77.604,Mexican,Sergio Prez,Dutch Grand Prix,10462.0
5,18,78.371,Mexican,Sergio Prez,Dutch Grand Prix,37915.0
6,18,79.362,Mexican,Sergio Prez,Dutch Grand Prix,4462.0
7,18,78.012,Mexican,Sergio Prez,Dutch Grand Prix,5659.0
8,19,81.601,Mexican,Sergio Prez,Dutch Grand Prix,6463.0
9,19,93.499,Mexican,Sergio Prez,Dutch Grand Prix,18749.0
10,19,74.596,Mexican,Sergio Prez,Dutch Grand Prix,7195.0
11,18,74.728,Mexican,Sergio Prez,Dutch Grand Prix,19177.0
12,18,75.18,Mexican,Sergio Prez,Dutch Grand Prix,3635.0
13,18,75.293,Mexican,Sergio Prez,Dutch Grand Prix,4878.0
14,18,75.687,Mexican,Sergio Prez,Dutch Grand Prix,5709.0
15,17,77.59,Mexican,Sergio Prez,Dutch Grand Prix,3986.0
16,17,75.256,Mexican,Sergio Prez,Dutch Grand Prix,5421.0
17,17,76.474,Mexican,Sergio Prez,Dutch Grand Prix,3059.0
18,16,77.51,Mexican,Sergio Prez,Dutch Grand Prix,3055.0
19,16,76.733,Mexican,Sergio Prez,Dutch Grand Prix,3567.0
20,15,75.221,Mexican,Sergio Prez,Dutch Grand Prix,3871.0
21,15,75.903,Mexican,Sergio Prez,Dutch Grand Prix,17053.0
22,15,76.361,Mexican,Sergio Prez,Dutch Grand Prix,18817.0
23,14,76.828,Mexican,Sergio Prez,Dutch Grand Prix,6403.0
24,14,75.819,Mexican,Sergio Prez,Dutch Grand Prix,21196.0
25,14,76.279,Mexican,Sergio Prez,Dutch Grand Prix,18776.0
26,14,77.294,Mexican,Sergio Prez,Dutch Grand Prix,5540.0
27,13,77.235,Mexican,Sergio Prez,Dutch Grand Prix,6049.0
28,11,76.494,Mexican,Sergio Prez,Dutch Grand Prix,20189.0
29,11,76.25,Mexican,Sergio Prez,Dutch Grand Prix,2608.0
30,11,76.282,Mexican,Sergio Prez,Dutch Grand Prix,9775.0
31,10,76.336,Mexican,Sergio Prez,Dutch Grand Prix,26792.0
32,9,76.421,Mexican,Sergio Prez,Dutch Grand Prix,20936.0
33,9,76.468,Mexican,Sergio Prez,Dutch Grand Prix,6748.0
34,8,76.105,Mexican,Sergio Prez,Dutch Grand Prix,22496.0
35,8,76.736,Mexican,Sergio Prez,Dutch Grand Prix,20638.0
36,8,76.364,Mexican,Sergio Prez,Dutch Grand Prix,10396.0
37,8,79.444,Mexican,Sergio Prez,Dutch Grand Prix,5415.0
38,8,76.624,Mexican,Sergio Prez,Dutch Grand Prix,5416.0
39,8,75.822,Mexican,Sergio Prez,Dutch Grand Prix,5836.0
40,8,76.213,Mexican,Sergio Prez,Dutch Grand Prix,16938.0
41,8,76.556,Mexican,Sergio Prez,Dutch Grand Prix,23057.0
42,7,76.716,Mexican,Sergio Prez,Dutch Grand Prix,6105.0
43,7,75.8,Mexican,Sergio Prez,Dutch Grand Prix,21770.0
44,7,75.652,Mexican,Sergio Prez,Dutch Grand Prix,5833.0
45,7,77.947,Mexican,Sergio Prez,Dutch Grand Prix,19568.0
46,7,77.933,Mexican,Sergio Prez,Dutch Grand Prix,4008.0
47,9,79.54,Mexican,Sergio Prez,Dutch Grand Prix,5864.0
48,11,92.886,Mexican,Sergio Prez,Dutch Grand Prix,19267.0
49,11,73.534,Mexican,Sergio Prez,Dutch Grand Prix,5521.0
50,11,73.511,Mexican,Sergio Prez,Dutch Grand Prix,4776.0
51,11,74.208,Mexican,Sergio Prez,Dutch Grand Prix,4592.0
52,11,74.522,Mexican,Sergio Prez,Dutch Grand Prix,4715.0
53,11,75.497,Mexican,Sergio Prez,Dutch Grand Prix,5312.0
54,10,74.412,Mexican,Sergio Prez,Dutch Grand Prix,4633.0
55,10,74.056,Mexican,Sergio Prez,Dutch Grand Prix,3405.0
56,10,73.913,Mexican,Sergio Prez,Dutch Grand Prix,4243.0
57,10,73.581,Mexican,Sergio Prez,Dutch Grand Prix,7007.0
58,10,73.609,Mexican,Sergio Prez,Dutch Grand Prix,4540.0
59,10,73.461,Mexican,Sergio Prez,Dutch Grand Prix,4616.0
60,10,73.527,Mexican,Sergio Prez,Dutch Grand Prix,11889.0
61,10,74.507,Mexican,Sergio Prez,Dutch Grand Prix,8204.0
62,10,75.325,Mexican,Sergio Prez,Dutch Grand Prix,5468.0
63,10,74.926,Mexican,Sergio Prez,Dutch Grand Prix,3882.0
64,10,74.882,Mexican,Sergio Prez,Dutch Grand Prix,4356.0
65,9,75.584,Mexican,Sergio Prez,Dutch Grand Prix,4257.0
66,9,74.403,Mexican,Sergio Prez,Dutch Grand Prix,8417.0
67,9,74.996,Mexican,Sergio Prez,Dutch Grand Prix,6883.0
68,9,75.183,Mexican,Sergio Prez,Dutch Grand Prix,21613.0
69,8,75.538,Mexican,Sergio Prez,Dutch Grand Prix,51838.0
70,8,75.289,Mexican,Sergio Prez,Dutch Grand Prix,6327.0
71,8,77.455,Mexican,Sergio Prez,Dutch Grand Prix,18679.0
1,20,97.259,Canadian,Nicholas Latifi,Dutch Grand Prix,19594.0
2,20,76.847,Canadian,Nicholas Latifi,Dutch Grand Prix,5314.0
3,20,77.682,Canadian,Nicholas Latifi,Dutch Grand Prix,5712.0
4,19,79.067,Canadian,Nicholas Latifi,Dutch Grand Prix,10462.0
5,19,77.6,Canadian,Nicholas Latifi,Dutch Grand Prix,37915.0
6,19,78.334,Canadian,Nicholas Latifi,Dutch Grand Prix,4462.0
7,19,77.648,Canadian,Nicholas Latifi,Dutch Grand Prix,5659.0
8,18,78.241,Canadian,Nicholas Latifi,Dutch Grand Prix,6463.0
9,18,78.036,Canadian,Nicholas Latifi,Dutch Grand Prix,18749.0
10,18,77.806,Canadian,Nicholas Latifi,Dutch Grand Prix,7195.0
11,17,78.507,Canadian,Nicholas Latifi,Dutch Grand Prix,19177.0
12,17,78.552,Canadian,Nicholas Latifi,Dutch Grand Prix,3635.0
13,16,77.537,Canadian,Nicholas Latifi,Dutch Grand Prix,4878.0
14,16,77.452,Canadian,Nicholas Latifi,Dutch Grand Prix,5709.0
15,16,77.186,Canadian,Nicholas Latifi,Dutch Grand Prix,3986.0
16,16,77.72,Canadian,Nicholas Latifi,Dutch Grand Prix,5421.0
17,16,77.723,Canadian,Nicholas Latifi,Dutch Grand Prix,3059.0
18,17,78.386,Canadian,Nicholas Latifi,Dutch Grand Prix,3055.0
19,17,78.3,Canadian,Nicholas Latifi,Dutch Grand Prix,3567.0
20,17,77.548,Canadian,Nicholas Latifi,Dutch Grand Prix,3871.0
21,17,77.472,Canadian,Nicholas Latifi,Dutch Grand Prix,17053.0
22,17,77.202,Canadian,Nicholas Latifi,Dutch Grand Prix,18817.0
23,17,80.626,Canadian,Nicholas Latifi,Dutch Grand Prix,6403.0
24,19,95.434,Canadian,Nicholas Latifi,Dutch Grand Prix,21196.0
25,19,75.79,Canadian,Nicholas Latifi,Dutch Grand Prix,18776.0
26,19,76.872,Canadian,Nicholas Latifi,Dutch Grand Prix,5540.0
27,19,76.41,Canadian,Nicholas Latifi,Dutch Grand Prix,6049.0
28,19,76.353,Canadian,Nicholas Latifi,Dutch Grand Prix,20189.0
29,19,77.664,Canadian,Nicholas Latifi,Dutch Grand Prix,2608.0
30,18,76.449,Canadian,Nicholas Latifi,Dutch Grand Prix,9775.0
31,18,76.682,Canadian,Nicholas Latifi,Dutch Grand Prix,26792.0
32,18,77.132,Canadian,Nicholas Latifi,Dutch Grand Prix,20936.0
33,18,77.068,Canadian,Nicholas Latifi,Dutch Grand Prix,6748.0
34,17,78.434,Canadian,Nicholas Latifi,Dutch Grand Prix,22496.0
35,17,76.674,Canadian,Nicholas Latifi,Dutch Grand Prix,20638.0
36,16,77.748,Canadian,Nicholas Latifi,Dutch Grand Prix,10396.0
37,16,76.576,Canadian,Nicholas Latifi,Dutch Grand Prix,5415.0
38,16,76.717,Canadian,Nicholas Latifi,Dutch Grand Prix,5416.0
39,16,76.683,Canadian,Nicholas Latifi,Dutch Grand Prix,5836.0
40,15,78.041,Canadian,Nicholas Latifi,Dutch Grand Prix,16938.0
41,15,77.033,Canadian,Nicholas Latifi,Dutch Grand Prix,23057.0
42,15,76.835,Canadian,Nicholas Latifi,Dutch Grand Prix,6105.0
43,15,76.251,Canadian,Nicholas Latifi,Dutch Grand Prix,21770.0
44,15,76.772,Canadian,Nicholas Latifi,Dutch Grand Prix,5833.0
45,15,76.333,Canadian,Nicholas Latifi,Dutch Grand Prix,19568.0
46,15,76.751,Canadian,Nicholas Latifi,Dutch Grand Prix,4008.0
47,15,76.488,Canadian,Nicholas Latifi,Dutch Grand Prix,5864.0
48,14,76.16,Canadian,Nicholas Latifi,Dutch Grand Prix,19267.0
49,14,76.568,Canadian,Nicholas Latifi,Dutch Grand Prix,5521.0
50,14,78.221,Canadian,Nicholas Latifi,Dutch Grand Prix,4776.0
51,14,77.429,Canadian,Nicholas Latifi,Dutch Grand Prix,4592.0
52,14,76.855,Canadian,Nicholas Latifi,Dutch Grand Prix,4715.0
53,14,78.836,Canadian,Nicholas Latifi,Dutch Grand Prix,5312.0
54,14,76.882,Canadian,Nicholas Latifi,Dutch Grand Prix,4633.0
55,14,76.464,Canadian,Nicholas Latifi,Dutch Grand Prix,3405.0
56,14,76.478,Canadian,Nicholas Latifi,Dutch Grand Prix,4243.0
57,14,80.457,Canadian,Nicholas Latifi,Dutch Grand Prix,7007.0
58,15,78.065,Canadian,Nicholas Latifi,Dutch Grand Prix,4540.0
59,16,78.077,Canadian,Nicholas Latifi,Dutch Grand Prix,4616.0
60,16,76.866,Canadian,Nicholas Latifi,Dutch Grand Prix,11889.0
61,16,76.287,Canadian,Nicholas Latifi,Dutch Grand Prix,8204.0
62,16,76.694,Canadian,Nicholas Latifi,Dutch Grand Prix,5468.0
63,16,77.006,Canadian,Nicholas Latifi,Dutch Grand Prix,3882.0
64,16,78.061,Canadian,Nicholas Latifi,Dutch Grand Prix,4356.0
65,16,77.717,Canadian,Nicholas Latifi,Dutch Grand Prix,4257.0
66,16,80.271,Canadian,Nicholas Latifi,Dutch Grand Prix,8417.0
67,16,80.392,Canadian,Nicholas Latifi,Dutch Grand Prix,6883.0
68,16,79.387,Canadian,Nicholas Latifi,Dutch Grand Prix,21613.0
69,15,78.777,Canadian,Nicholas Latifi,Dutch Grand Prix,51838.0
70,16,79.874,Canadian,Nicholas Latifi,Dutch Grand Prix,6327.0
